unique_ind_id,ind_num,site,locality,site_code,year,month,day_of_capture,genus,species_name,species,capture_date,capt_gps_c_f,capt_gps_num,capture_gps_code,capt_time_hr,capt_time_min,capture_time,transect,height_m,temp_C,temp_substrate_C,release_date,rel_time_hr,rel_time_min,release_time,processing_date,age_cat,sex,length_SVL_mm,body/pelvis_width_mm,tail_width_mm,femur_width_mm,mass_g,vp_time_hr,vp_time_min,venipuncture_time,venipuncture_site,blood_volume_cat,blood_volume_uL,physical_exam,specimens_blood_DBS,specimens_fecal,fecal_tube_count,fecal_sample_time,specimens_micro_slide,photo_y_n,obs_body_coloration,Bands etc.,obs_other,rostral_ext_mm,plant_substrate_local_name,plant_substrate_scientific_name
,,,,,,,,,,,,,,,,,,,,,,,,,,,,,,,,,,,,,,,,,,,,,,,,,,,,
NMB.C.2025.07.001,1,Nosy Mangabe,Nosy Mangabe forest,NMB,2025,7,,Furcifer,pardalis,Furcifer pardalis,,NA,NA,NMB C01,18,30,18:30,NA,1.2,NA,NA,09_juil._2025,11,15,11:15,09_juil._2025,Adult,F,130,NA,NA,NA,55,06,40,06:40,cocc.v,Large,500,5,1,0,0,NA,NA,1,NA,NA,NA,NA,NA,NA
NMB.C.2025.07.002,2,Nosy Mangabe,Nosy Mangabe forest,NMB,2025,7,,Brookesia ,peyrierasi,Brookesia  peyrierasi,,NA,NA,Capture1c,18,50,18:50,NA,0,NA,NA,09_juil._2025,13,56,13:56,09_juil._2025,Adult,M,20,NA,NA,NA,NA,NA,NA,NA,NA,NA,NA,5,0,0,0,NA,NA,1,NA,NA,NA,NA,NA,NA
NMB.C.2025.07.003,3,Nosy Mangabe,Nosy Mangabe forest,NMB,2025,7,,Furcifer,pardalis,Furcifer pardalis,,NA,NA,Nmb c03,14,47,14:47,NA,1.8,NA,NA,10_juil._2025,11,30,11:30,10_juil._2025,Juvenile,NA,65,NA,NA,NA,5,08,18,08:18,cocc.v,Small,50,5,1,0,0,NA,NA,0,NA,NA,NA,NA,NA,NA
NMB.C.2025.07.004,4,Nosy Mangabe,Nosy Mangabe forest,NMB,2025,7,,Furcifer,pardalis,Furcifer pardalis,,NA,NA,Nmb c04,18,39,18:39,NA,1.8,NA,NA,10_juil._2025,11,30,11:30,10_juil._2025,Juvenile,F,65,NA,NA,NA,4,08,29,08:29,cocc.v,Small,20,5,1,1,1,NA,NA,0,NA,NA,shedding,NA,NA,NA
NMB.C.2025.07.005,5,Nosy Mangabe,Nosy Mangabe forest,NMB,2025,7,,Furcifer,pardalis,Furcifer pardalis,,NA,NA,C005,06,30,06:30,NA,1.5,NA,NA,10_juil._2025,15,36,15:36,10_juil._2025,Juvenile,F,60,NA,NA,NA,4,08,34,08:34,cocc.v,Medium,50,5,1,1,1,NA,NA,0,NA,NA,NA,NA,NA,NA
NMB.C.2025.07.006,6,Nosy Mangabe,Nosy Mangabe forest,NMB,2025,7,,Brookesia ,peyrierasi,Brookesia  peyrierasi,,NA,NA,Nmb c06,11,13,11:13,T16,0,NA,NA,10_juil._2025,16,53,16:53,10_juil._2025,Adult,M,20,NA,NA,NA,NA,NA,NA,NA,NA,NA,NA,5,0,0,0,NA,NA,0,NA,NA,NA,NA,NA,NA
NMB.C.2025.07.007,7,Nosy Mangabe,Nosy Mangabe forest,NMB,2025,7,,Furcifer,pardalis,Furcifer pardalis,,NA,NA,Nmb c007,18,29,18:29,NA,NA,NA,NA,11_juil._2025,09,30,09:30,11_juil._2025,Juvenile,F,60,NA,NA,NA,4,07,21,07:21,cocc.v,Medium,50,5,1,0,0,NA,NA,0,NA,NA,NA,NA,NA,NA
NMB.C.2025.07.008,8,Nosy Mangabe,Nosy Mangabe forest,NMB,2025,7,,Furcifer,pardalis,Furcifer pardalis,,NA,NA,NA,18,30,18:30,NA,NA,NA,NA,11_juil._2025,09,30,09:30,11_juil._2025,Juvenile,F,57,NA,NA,NA,5,07,28,07:28,cocc.v,Small,20,5,1,0,0,NA,NA,0,NA,NA,NA,NA,NA,NA
NMB.C.2025.07.009,9,Nosy Mangabe,Nosy Mangabe forest,NMB,2025,7,,Furcifer,pardalis,Furcifer pardalis,,NA,NA,0009,10,56,10:56,NA,2.5,NA,NA,12_juil._2025,15,10,15:10,11_juil._2025,Juvenile,F,55,NA,NA,NA,5,13,32,13:32,cocc.v,Large,125,5,1,0,0,NA,NA,0,NA,NA,observed near old lighthouse,NA,NA,NA
,,,,,,,,,,,,,,,,,,,,,,,,,,,,,,,,,,,,,,,,,,,,,,,,,,,,
MTA.C.2025.07.001,1,Montagne d'Ambre,Locality 1: Joffreville road edge,MTA,2025,7,,Furcifer,pardalis,Furcifer pardalis,,NA,0011,MTA.0011,18,16,18:16,TCE,0.1,NA,NA,20_juil._2025,17,04,17:04,20_juil._2025,Juvenile,F,60,NA,NA,NA,4,08,40,08:40,cocc.v,Small,50,5,1,1,1,14:20,0,,NA,NA,NA,NA,NA,NA
MTA.C.2025.07.002,2,Montagne d'Ambre,Locality 1: Joffreville road edge,MTA,2025,7,,Furcifer,pardalis,Furcifer pardalis,,NA,0011,MTA.0011,18,18,18:18,TCE,0.1,NA,NA,20_juil._2025,17,04,17:04,20_juil._2025,Juvenile,F,72,NA,NA,NA,7,08,45,08:45,cocc.v,Large,100,5,1,1,1,15:04,1,,NA,NA,NA,NA,NA,NA
MTA.C.2025.07.003,3,Montagne d'Ambre,Locality 1: Joffreville road edge,MTA,2025,7,,Furcifer,pardalis,Furcifer pardalis,,NA,0011,MTA.0011,18,18,18:18,TCE,0.1,NA,NA,20_juil._2025,17,04,17:04,20_juil._2025,Juvenile,M,68,NA,NA,NA,7,08,50,08:50,cocc.v,Small,50,5,1,1,1,14:17,0,,NA,NA,NA,NA,NA,NA
MTA.C.2025.07.004,4,Montagne d'Ambre,Locality 1: Joffreville road edge,MTA,2025,7,,Calumma,linotum,Calumma linotum,,NA,0012,MTA.0012,18,23,18:23,TCE,1.0,NA,NA,20_juil._2025,17,08,17:08,20_juil._2025,Sub-Adult,F,52,NA,NA,NA,4,08,56,08:56,cocc.v,Small,1 drop,5,1,0,0,NA,0,,NA,NA,NA,NA,NA,NA
MTA.C.2025.07.005,5,Montagne d'Ambre,Locality 1: Joffreville road edge,MTA,2025,7,,Furcifer,petteri,Furcifer petteri,,NA,0013,MTA.0013,18,26,18:26,TCE,2.0,NA,NA,20_juil._2025,17,08,17:08,20_juil._2025,Juvenile,M,49,NA,NA,NA,2,NA,NA,NA,NA,NA,NA,5,0,1,1,14:18,0,,NA,NA,"too small, no blood",NA,NA,NA
MTA.C.2025.07.006,6,Montagne d'Ambre,Locality 1: Joffreville road edge,MTA,2025,7,,Furcifer,petteri,Furcifer petteri,,NA,0014,MTA.0014,18,29,18:29,TCE,1.6,NA,NA,20_juil._2025,17,10,17:10,20_juil._2025,Juvenile,M,45,NA,NA,NA,3,NA,NA,NA,NA,NA,NA,5,0,1,1,15:58,0,,NA,NA,"too small, no blood",NA,NA,NA
MTA.C.2025.07.007,7,Montagne d'Ambre,Locality 1: Joffreville road edge,MTA,2025,7,,Furcifer,pardalis,Furcifer pardalis,,NA,0015,MTA.0015,18,32,18:32,TCE,1.0,NA,NA,20_juil._2025,17,11,17:11,20_juil._2025,Sub-Adult,F,95,NA,NA,NA,16,09,05,09:05,cocc.v,Large,125,5,1,0,0,NA,1,,NA,NA,NA,NA,NA,NA
MTA.C.2025.07.008,8,Montagne d'Ambre,Locality 1: Joffreville road edge,MTA,2025,7,,Furcifer,petteri,Furcifer petteri,,NA,0016,MTA.0016,18,34,18:34,TCE,1.0,NA,NA,20_juil._2025,17,13,17:13,20_juil._2025,Juvenile,M,37,NA,NA,NA,2,NA,NA,NA,NA,NA,NA,5,0,1,1,14:17,0,,NA,NA,"too small, no blood",NA,NA,NA
MTA.C.2025.07.009,9,Montagne d'Ambre,Locality 1: Joffreville road edge,MTA,2025,7,,Furcifer,petteri,Furcifer petteri,,NA,0017,MTA.0017,18,36,18:36,TCE,1.0,NA,NA,20_juil._2025,17,13,17:13,20_juil._2025,Juvenile,F,55,NA,NA,NA,4,09,11,09:11,cocc.v,NA,NA,5,0,1,1,15:24,0,,NA,NA,"blood draw attempted without success, too small",NA,NA,NA
MTA.C.2025.07.010,10,Montagne d'Ambre,Locality 1: Joffreville road edge,MTA,2025,7,,Furcifer,pardalis,Furcifer pardalis,,NA,0018,MTA.0018,18,40,18:40,TCE,0.5,NA,NA,20_juil._2025,17,15,17:15,20_juil._2025,Juvenile,F,67,NA,NA,NA,7,09,17,09:17,cocc.v,Small,25,5,1,1,1,14:14,0,,NA,NA,NA,NA,NA,NA
MTA.C.2025.07.011,11,Montagne d'Ambre,Locality 1: Joffreville road edge,MTA,2025,7,,Furcifer,pardalis,Furcifer pardalis,,NA,0019,MTA.0019,18,42,18:42,TCE,1.0,NA,NA,20_juil._2025,17,16,17:16,20_juil._2025,Sub-Adult,F,95,NA,NA,NA,17,08,30,08:30,cocc.v,Large,100,5,1,0,0,NA,1,,NA,NA,NA,NA,NA,NA
MTA.C.2025.07.012,12,Montagne d'Ambre,Locality 1: Joffreville road edge,MTA,2025,7,,Furcifer,pardalis,Furcifer pardalis,,NA,0020,MTA.0020,18,46,18:46,TCE,2.0,NA,NA,20_juil._2025,17,18,17:18,20_juil._2025,Sub-Adult,M,203,NA,NA,NA,35,08,25,08:25,cocc.v,Large,150,5,1,0,0,NA,1,,NA,NA,NA,NA,NA,NA
MTA.C.2025.07.013,13,Montagne d'Ambre,Locality 1: Joffreville road edge,MTA,2025,7,,Furcifer,pardalis,Furcifer pardalis,,NA,0021,MTA.0021,18,50,18:50,TCE,2.0,NA,NA,20_juil._2025,17,19,17:19,20_juil._2025,Juvenile,F,88,NA,NA,NA,14,07,27,07:27,cocc.v,Small,20,5,1,0,0,NA,0,,NA,NA,NA,NA,NA,NA
MTA.C.2025.07.014,14,Montagne d'Ambre,Locality 1: Joffreville road edge,MTA,2025,7,,Furcifer,pardalis,Furcifer pardalis,,NA,0023,MTA.0023,18,55,18:55,TCE,1.0,NA,NA,20_juil._2025,17,21,17:21,20_juil._2025,Juvenile,F,90,NA,NA,NA,12,09,24,09:24,cocc.v,Small,30,5,1,1,1,15:34,0,,NA,NA,NA,NA,NA,NA
MTA.C.2025.07.015,15,Montagne d'Ambre,Locality 1: Joffreville road edge,MTA,2025,7,,Furcifer,pardalis,Furcifer pardalis,,NA,0023,MTA.0023,18,56,18:56,TCE,1.0,NA,NA,20_juil._2025,17,21,17:21,20_juil._2025,Juvenile,F,90,NA,NA,NA,11,07,09,07:09,cocc.v,Small,40,5,1,0,0,NA,0,,NA,NA,NA,NA,NA,NA
MTA.C.2025.07.016,16,Montagne d'Ambre,Locality 1: Joffreville road edge,MTA,2025,7,,Furcifer,pardalis,Furcifer pardalis,,NA,0024,MTA.0024,18,57,18:57,TCE,0.6,NA,NA,20_juil._2025,17,22,17:22,20_juil._2025,Juvenile,F,90,NA,NA,NA,14,07,04,07:04,cocc.v,Small,20,5,1,1,1,14:12,0,,NA,NA,NA,NA,NA,NA
MTA.C.2025.07.017,17,Montagne d'Ambre,Locality 2: Montagne d'Ambre forest,MTA,2025,7,,Calumma,amber,Calumma amber,,NA,0025,MTA.0025,19,12,19:12,OPP ,2.0,NA,NA,20_juil._2025,16,53,16:53,20_juil._2025,Adult,M,150,NA,NA,NA,36,06,45,06:45,cocc.v,Large,50,5,1,1,1,14:13,1,,NA,NA,spotted from car on way back to camp,NA,NA,NA
MTA.C.2025.07.018,18,Montagne d'Ambre,Locality 2: Montagne d'Ambre forest,MTA,2025,7,,Calumma,amber,Calumma amber,,NA,0026,MTA.0026,19,21,19:21,OPP ,4.0,NA,NA,20_juil._2025,16,50,16:50,20_juil._2025,Adult,M,150,NA,NA,NA,26,06,55,06:55,cocc.v,Large,150,5,1,1,1,15:46,0,,NA,NA,spotted from car on way back to camp,NA,NA,NA
MTA.C.2025.07.019,19,Montagne d'Ambre,Locality 2: Montagne d'Ambre forest,MTA,2025,7,,Calumma,linotum,Calumma linotum,,NA,0035,MTA.0035,18,56,18:56,T10 ,1.2,NA,NA,20_juil._2025,11,06,11:06,20_juil._2025,Adult,F,55,NA,NA,NA,3,NA,NA,NA,NA,NA,NA,5,0,1,1,NA,0,,NA,NA,"too small, no blood",NA,NA,NA
MTA.C.2025.07.020,20,Montagne d'Ambre,Locality 2: Montagne d'Ambre forest,MTA,2025,7,,Furcifer,petteri,Furcifer petteri,,NA,0032,MTA.0032,19,14,19:14,T10 ,1.2,NA,NA,20_juil._2025,11,07,11:07,20_juil._2025,Adult,M,56,NA,NA,NA,3,NA,NA,NA,NA,NA,NA,5,0,0,0,NA,0,,NA,NA,"too small, no blood",NA,NA,NA
MTA.C.2025.07.021,21,Montagne d'Ambre,Locality 2: Montagne d'Ambre forest,MTA,2025,7,,Calumma,amber,Calumma amber,,NA,0030,MTA.0030,19,25,19:25,T10 ,2.0,NA,NA,20_juil._2025,10,58,10:58,20_juil._2025,Juvenile,F,62,NA,NA,NA,5,09,33,09:33,cocc.v,Small,75,5,1,0,0,NA,0,,NA,NA,NA,NA,NA,NA
MTA.C.2025.07.022,22,Montagne d'Ambre,Locality 2: Montagne d'Ambre forest,MTA,2025,7,,Calumma,amber,Calumma amber,,NA,0027,MTA.0027,05,27,05:27,OPP ,0.4,NA,NA,20_juil._2025,10,02,10:02,20_juil._2025,Adult,M,105,NA,NA,NA,36,09,45,09:45,cocc.v,Small,30,5,1,0,0,NA,0,,NA,NA,NA,NA,NA,NA
MTA.C.2025.07.023,23,Montagne d'Ambre,Locality 2: Montagne d'Ambre forest,MTA,2025,7,,Calumma,amber,Calumma amber,,NA,0028,MTA.0028,05,45,05:45,OPP ,0.6,NA,NA,20_juil._2025,10,07,10:07,20_juil._2025,Adult,M,110,NA,NA,NA,29,09,50,09:50,cocc.v,Large,100,5,1,0,0,NA,0,,NA,NA,NA,NA,NA,NA
MTA.C.2025.07.024,24,Montagne d'Ambre,Locality 2: Montagne d'Ambre forest,MTA,2025,7,,Calumma,ambrense,Calumma ambrense,,NA,0029,MTA.0029,07,20,07:20,OPP ,0.7,NA,NA,20_juil._2025,10,05,10:05,20_juil._2025,Adult,M,147,NA,NA,NA,127,09,58,09:58,cocc.v,Medium,80,5,1,1,2,NA,0,,NA,NA,NA,NA,NA,NA
MTA.C.2025.07.025,25,Montagne d'Ambre,Locality 1: Joffreville road edge,MTA,2025,7,,Furcifer,pardalis,Furcifer pardalis,,NA,0047,MTA.0047,18,06,18:06,TCE,2.0,NA,NA,21_juil._2025,17,28,17:28,21_juil._2025,Juvenile,F,66,NA,NA,NA,8,09,10,09:10,cocc.v,Medium,75,5,1,0,0,NA,0,,NA,NA,NA,NA,NA,NA
MTA.C.2025.07.026,26,Montagne d'Ambre,Locality 1: Joffreville road edge,MTA,2025,7,,Furcifer,petteri,Furcifer petteri,,NA,0048,MTA.0048,18,10,18:10,TCE,1.0,NA,NA,21_juil._2025,17,29,17:29,21_juil._2025,Sub-Adult,F,58,NA,NA,NA,7,09,14,09:14,cocc.v,Large,150,5,1,0,0,NA,0,,NA,NA,NA,NA,NA,NA
MTA.C.2025.07.027,27,Montagne d'Ambre,Locality 1: Joffreville road edge,MTA,2025,7,,Furcifer,petteri,Furcifer petteri,,NA,0049,MTA.0049,18,14,18:14,TCE,0.5,NA,NA,21_juil._2025,17,30,17:30,21_juil._2025,Adult,M,64,NA,NA,NA,11,09,19,09:19,cocc.v,Large,175,5,1,1,1,NA,0,,NA,NA,NA,NA,NA,NA
MTA.C.2025.07.028,28,Montagne d'Ambre,Locality 1: Joffreville road edge,MTA,2025,7,,Furcifer,pardalis,Furcifer pardalis,,NA,0050,MTA.0050,18,20,18:20,TCE,4.0,NA,NA,21_juil._2025,17,34,17:34,21_juil._2025,Sub-Adult,F,102,NA,NA,NA,23,16,22,16:22,cocc.v,Small,one drop,5,1,0,0,NA,0,,NA,NA,2en blood draw successful,NA,NA,NA
MTA.C.2025.07.029,29,Montagne d'Ambre,Locality 1: Joffreville road edge,MTA,2025,7,,Furcifer,pardalis,Furcifer pardalis,,NA,0056,MTA.0056,18,34,18:34,TCE,2.0,NA,NA,21_juil._2025,17,35,17:35,21_juil._2025,Adult,M,121,NA,NA,NA,50,09,31,09:31,cocc.v,Large,10,5,1,0,0,NA,0,,NA,NA,NA,NA,NA,NA
MTA.C.2025.07.030,30,Montagne d'Ambre,Locality 1: Joffreville road edge,MTA,2025,7,,Furcifer,pardalis,Furcifer pardalis,,NA,0057,MTA.0057,18,36,18:36,TCE,2.0,NA,NA,21_juil._2025,17,35,17:35,21_juil._2025,Adult,M,134,NA,NA,NA,48,09,36,09:36,cocc.v,Large,20,5,1,0,0,NA,0,,NA,NA,NA,NA,NA,NA
MTA.C.2025.07.031,31,Montagne d'Ambre,Locality 1: Joffreville road edge,MTA,2025,7,,Furcifer,oustaleti,Furcifer oustaleti,,NA,0060,MTA.0060,18,45,18:45,TCE,2.0,NA,NA,21_juil._2025,17,37,17:37,21_juil._2025,Sub-Adult,F,133,NA,NA,NA,38,09,40,09:40,cocc.v,Large,10,5,1,1,2,16:07,1,,NA,NA,NA,NA,NA,NA
MTA.C.2025.07.032,32,Montagne d'Ambre,Locality 1: Joffreville road edge,MTA,2025,7,,Furcifer,pardalis,Furcifer pardalis,,NA,0061,MTA.0061,18,48,18:48,TCE,1.0,NA,NA,21_juil._2025,17,38,17:38,21_juil._2025,Sub-Adult,M,95,NA,NA,NA,21,16,36,16:36,cocc.v,Small,60,5,1,1,1,16:22,0,,NA,NA,2nd blood draw successful,NA,NA,NA
MTA.C.2025.07.033,33,Montagne d'Ambre,Locality 1: Joffreville road edge,MTA,2025,7,,Furcifer,pardalis,Furcifer pardalis,,NA,0063,MTA.0063,18,52,18:52,TCE,2.0,NA,NA,21_juil._2025,17,40,17:40,21_juil._2025,Adult,M,128,NA,NA,NA,68,09,54,09:54,cocc.v,Medium,75,5,1,1,1,17:00,0,,NA,NA,NA,NA,NA,NA
MTA.C.2025.07.034,34,Montagne d'Ambre,Locality 1: Joffreville road edge,MTA,2025,7,,Furcifer,pardalis,Furcifer pardalis,,NA,0064,MTA.0064,18,56,18:56,TCE,2.6,NA,NA,21_juil._2025,17,42,17:42,21_juil._2025,Sub-Adult,M,117,NA,NA,NA,31,09,59,09:59,cocc.v,Large,10,5,1,0,0,NA,0,,NA,NA,NA,NA,NA,NA
MTA.C.2025.07.035,35,Montagne d'Ambre,Locality 1: Joffreville road edge,MTA,2025,7,,Furcifer,pardalis,Furcifer pardalis,,NA,0078,MTA.0078,19,12,19:12,TCE,1.5,NA,NA,21_juil._2025,17,44,17:44,21_juil._2025,Adult,M,134,NA,NA,NA,42,10,04,10:04,cocc.v,Large,15,5,1,0,0,NA,0,,NA,NA,NA,NA,NA,NA
MTA.C.2025.07.036,36,Montagne d'Ambre,Locality 1: Joffreville road edge,MTA,2025,7,,Furcifer,pardalis,Furcifer pardalis,,NA,0079,MTA.0079,19,25,19:25,TCE,3.0,NA,NA,21_juil._2025,17,46,17:46,21_juil._2025,Adult,M,178,NA,NA,NA,96,10,08,10:08,cocc.v,Large,10,4,1,0,0,NA,0,,NA,NA,"dried wounds near mounth, visible wounds in mouth",NA,NA,NA
MTA.C.2025.07.037,37,Montagne d'Ambre,Locality 1: Joffreville road edge,MTA,2025,7,,Calumma,amber,Calumma amber,,NA,0080,MTA.0080,19,49,19:49,TCE,1.0,NA,NA,21_juil._2025,17,10,17:10,21_juil._2025,Adult,M,122,NA,NA,NA,36,10,14,10:14,cocc.v,Large,300,5,1,0,0,NA,0,,NA,NA,shedding,NA,NA,NA
MTA.C.2025.07.038,38,Montagne d'Ambre,Locality 2: Montagne d'Ambre forest,MTA,2025,7,,Calumma,linotum,Calumma linotum,,NA,0093,MTA.0093,19,01,19:01,OPP ,NA,NA,NA,21_juil._2025,11,30,11:30,21_juil._2025,Adult,M,51,NA,NA,NA,2,NA,NA,NA,NA,NA,NA,5,0,0,0,NA,0,,NA,NA,"no blood, too small",NA,NA,NA
MTA.C.2025.07.039,39,Montagne d'Ambre,Locality 2: Montagne d'Ambre forest,MTA,2025,7,,Calumma,linotum,Calumma linotum,,NA,0092,MTA.0092,19,03,19:03,OPP ,NA,NA,NA,21_juil._2025,11,29,11:29,21_juil._2025,Adult,F,58,NA,NA,NA,3,NA,NA,NA,NA,NA,NA,5,0,0,0,NA,0,,NA,NA,"no blood, too small",NA,NA,NA
MTA.C.2025.07.040,40,Montagne d'Ambre,Locality 1: Joffreville road edge,MTA,2025,7,,Furcifer,pardalis,Furcifer pardalis,,NA,0111,MTA.0111,18,07,18:07,TCE,2.0,NA,NA,22_juil._2025,16,46,16:46,22_juil._2025,Sub-Adult,M,107,NA,NA,NA,35,06,29,06:29,cocc.v,Large,10,5,1,0,0,NA,0,,NA,NA,NA,NA,NA,NA
MTA.C.2025.07.041,41,Montagne d'Ambre,Locality 1: Joffreville road edge,MTA,2025,7,,Furcifer,pardalis,Furcifer pardalis,,NA,0118,MTA.0118,18,24,18:24,TCE,1.5,NA,NA,22_juil._2025,15,52,15:52,22_juil._2025,Juvenile,M,96,NA,NA,NA,15,06,32,06:32,cocc.v,Large,10,5,1,0,0,NA,0,,NA,NA,NA,NA,NA,NA
MTA.C.2025.07.042,42,Montagne d'Ambre,Locality 1: Joffreville road edge,MTA,2025,7,,Furcifer,pardalis,Furcifer pardalis,,NA,0122,MTA.0122,18,26,18:26,TCE,1.0,NA,NA,22_juil._2025,15,50,15:50,22_juil._2025,Juvenile,M,85,NA,NA,NA,12,06,38,06:38,cocc.v,Small,50,5,1,0,0,NA,0,,NA,NA,NA,NA,NA,NA
MTA.C.2025.07.043,43,Montagne d'Ambre,Locality 1: Joffreville road edge,MTA,2025,7,,Furcifer,pardalis,Furcifer pardalis,,NA,0124,MTA.0124,18,30,18:30,TCE,2.1,NA,NA,22_juil._2025,15,54,15:54,22_juil._2025,Juvenile,M,65,NA,NA,NA,7,O6,42,O6:42,cocc.v,NA,NA,5,1,1,1,15:54,0,,NA,NA,"attempted blood draw, no sample, too small. Fecal sample at release",NA,NA,NA
MTA.C.2025.07.044,44,Montagne d'Ambre,Locality 1: Joffreville road edge,MTA,2025,7,,Furcifer,oustaleti,Furcifer oustaleti,,NA,0127,MTA.0127,18,40,18:40,TCE,2.5,NA,NA,22_juil._2025,16,12,16:12,22_juil._2025,Adult,F,157,NA,NA,NA,122,06,49,06:49,cocc.v,Large,50,4,1,0,0,NA,0,,NA,NA,two wounds on the side of mouth,NA,NA,NA
MTA.C.2025.07.045,45,Montagne d'Ambre,Locality 1: Joffreville road edge,MTA,2025,7,,Furcifer,petteri,Furcifer petteri,,NA,0129,MTA.0129,18,45,18:45,TCE,2.0,NA,NA,22_juil._2025,16,10,16:10,22_juil._2025,Sub-Adult,F,71,NA,NA,NA,11,06,52,06:52,cocc.v,Medium,3,5,1,0,0,NA,0,,NA,NA,NA,NA,NA,NA
MTA.C.2025.07.046,46,Montagne d'Ambre,Locality 1: Joffreville road edge,MTA,2025,7,,Furcifer,pardalis,Furcifer pardalis,,NA,0130,MTA.0130,18,47,18:47,TCE,1.8,NA,NA,22_juil._2025,16,14,16:14,22_juil._2025,Adult,M,139,NA,NA,NA,56,06,57,06:57,cocc.v,Large,25,5,1,1,1,15:10,0,,NA,NA,NA,NA,NA,NA
MTA.C.2025.07.047,47,Montagne d'Ambre,Locality 1: Joffreville road edge,MTA,2025,7,,Furcifer,pardalis,Furcifer pardalis,,NA,0130,MTA.0130,18,48,18:48,TCE,2.0,NA,NA,22_juil._2025,16,14,16:14,22_juil._2025,Sub-Adult,F,106,NA,NA,NA,28,07,01,07:01,cocc.v,Small,2 drops,5,1,1,1,16:16,0,,NA,NA,NA,NA,NA,NA
MTA.C.2025.07.048,48,Montagne d'Ambre,Locality 1: Joffreville road edge,MTA,2025,7,,Furcifer,pardalis,Furcifer pardalis,,NA,0131,MTA.0131,18,51,18:51,TCE,2.0,NA,NA,22_juil._2025,16,09,16:09,22_juil._2025,Sub-Adult,M,113,NA,NA,NA,35,07,04,07:04,cocc.v,Large,50,5,1,0,0,NA,0,,NA,NA,NA,NA,NA,NA
MTA.C.2025.07.049,49,Montagne d'Ambre,Locality 1: Joffreville road edge,MTA,2025,7,,Furcifer,pardalis,Furcifer pardalis,,NA,0132,MTA.0132,18,59,18:59,TCE,3.0,NA,NA,22_juil._2025,16,08,16:08,22_juil._2025,Sub-Adult,F,118,NA,NA,NA,33,07,07,07:07,cocc.v,Large,20,5,1,0,0,NA,0,,NA,NA,NA,NA,NA,NA
MTA.C.2025.07.050,50,Montagne d'Ambre,Locality 1: Joffreville road edge,MTA,2025,7,,Furcifer,oustaleti,Furcifer oustaleti,,NA,0133,MTA.0133,19,04,19:04,TCE,1.5,NA,NA,22_juil._2025,16,19,16:19,22_juil._2025,Sub-Adult,F,123,NA,NA,NA,54,07,12,07:12,cocc.v,Large,50,5,1,0,0,NA,0,,NA,NA,NA,NA,NA,NA
MTA.C.2025.07.051,51,Montagne d'Ambre,Locality 1: Joffreville road edge,MTA,2025,7,,Furcifer,pardalis,Furcifer pardalis,,NA,0134,MTA.0134,19,05,19:05,TCE,2.6,NA,NA,22_juil._2025,16,20,16:20,22_juil._2025,Juvenile,M,78,NA,NA,NA,9,07,14,07:14,cocc.v,Medium,5,5,1,1,1,16:20,0,,NA,NA,fecal sample at release,NA,NA,NA
MTA.C.2025.07.052,52,Montagne d'Ambre,Locality 1: Joffreville road edge,MTA,2025,7,,Furcifer,pardalis,Furcifer pardalis,,NA,0135,MTA.0135,19,10,19:10,TCE,1.5,NA,NA,22_juil._2025,16,01,16:01,22_juil._2025,Juvenile,M,83,NA,NA,NA,14,07,18,07:18,cocc.v,Medium,5,5,1,1,1,13:54,0,,NA,NA,NA,NA,NA,NA
MTA.C.2025.07.053,53,Montagne d'Ambre,Locality 1: Joffreville road edge,MTA,2025,7,,Furcifer,pardalis,Furcifer pardalis,,NA,0136,MTA.0136,19,12,19:12,TCE,2.2,NA,NA,22_juil._2025,16,02,16:02,22_juil._2025,Sub-Adult,F,109,NA,NA,NA,25,07,21,07:21,cocc.v,Large,10,5,1,1,1,15:02,0,,NA,NA,NA,NA,NA,NA
MTA.C.2025.07.054,54,Montagne d'Ambre,Locality 1: Joffreville road edge,MTA,2025,7,,Furcifer,pardalis,Furcifer pardalis,,NA,0137,MTA.0137,19,21,19:21,TCE,1.7,NA,NA,22_juil._2025,16,04,16:04,22_juil._2025,Juvenile,M,88,NA,NA,NA,11,07,26,07:26,cocc.v,Large,10,5,1,1,1,13:56,0,,NA,NA,NA,NA,NA,NA
MTA.C.2025.07.055,55,Montagne d'Ambre,Locality 1: Joffreville road edge,MTA,2025,7,,Furcifer,pardalis,Furcifer pardalis,,NA,0137,MTA.0137,19,21,19:21,TCE,1.7,NA,NA,22_juil._2025,16,04,16:04,22_juil._2025,Juvenile,M,101,NA,NA,NA,21,07,30,07:30,cocc.v,Medium,80,5,1,0,0,NA,0,,NA,NA,NA,NA,NA,NA
MTA.C.2025.07.056,56,Montagne d'Ambre,Locality 2: Montagne d'Ambre forest,MTA,2025,7,,Calumma,amber,Calumma amber,,NA,0137,MTA.0137,17,56,17:56,OPP ,1.5,NA,NA,22_juil._2025,11,12,11:12,22_juil._2025,Adult,M,110,NA,NA,NA,27,07,39,07:39,cocc.v,Small,3,5,1,0,0,NA,0,,NA,NA,under bridge near camp,NA,NA,NA
MTA.C.2025.07.057,57,Montagne d'Ambre,Locality 2: Montagne d'Ambre forest,MTA,2025,7,,Calumma,amber,Calumma amber,,NA,0138,MTA.0138,06,15,06:15,OPP ,0.8,NA,NA,22_juil._2025,15,07,15:07,22_juil._2025,Adult,M,118,NA,NA,NA,30,07,43,07:43,cocc.v,Small,3,5,1,0,0,NA,0,,NA,NA,shedding,NA,NA,NA
MTA.C.2025.07.058,58,Montagne d'Ambre,Locality 1: Joffreville road edge,MTA,2025,7,,Furcifer,pardalis,Furcifer pardalis,,NA,0151,MTA.0151,18,08,18:08,TCE,2.0,NA,NA,23_juil._2025,16,06,16:06,23_juil._2025,Sub-Adult,M,138,NA,NA,NA,46,06,14,06:14,cocc.v,Large,30,5,1,1,2,14:32,1,,NA,NA,NA,NA,NA,NA
MTA.C.2025.07.059,59,Montagne d'Ambre,Locality 1: Joffreville road edge,MTA,2025,7,,Furcifer,pardalis,Furcifer pardalis,,NA,0152,MTA.0152,18,10,18:10,TCE,2.3,NA,NA,23_juil._2025,16,09,16:09,23_juil._2025,Sub-Adult,M,117,NA,NA,NA,31,06,17,06:17,cocc.v,Small,1,5,1,0,0,NA,0,,NA,NA,NA,NA,NA,NA
MTA.C.2025.07.060,60,Montagne d'Ambre,Locality 1: Joffreville road edge,MTA,2025,7,,Furcifer,pardalis,Furcifer pardalis,,NA,0154,MTA.0154,18,16,18:16,TCE,2.0,NA,NA,23_juil._2025,16,12,16:12,23_juil._2025,Adult,M,175,NA,NA,NA,120,06,19,06:19,cocc.v,Large,10,5,1,0,0,NA,0,,NA,NA,NA,NA,NA,NA
MTA.C.2025.07.061,61,Montagne d'Ambre,Locality 1: Joffreville road edge,MTA,2025,7,,Furcifer,oustaleti,Furcifer oustaleti,,NA,0156,MTA.0156,18,30,18:30,TCE,1.0,NA,NA,23_juil._2025,16,25,16:25,23_juil._2025,Sub-Adult,M,135,NA,NA,NA,71,06,42,06:42,cocc.v,Large,10,5,1,1,1,16:25,0,,lime green,NA,shedding,NA,NA,NA
MTA.C.2025.07.062,62,Montagne d'Ambre,Locality 1: Joffreville road edge,MTA,2025,7,,Furcifer,pardalis,Furcifer pardalis,,NA,0157,MTA.0157,18,36,18:36,TCE,2.6,NA,NA,23_juil._2025,16,27,16:27,23_juil._2025,Sub-Adult,M,126,NA,NA,NA,49,06,49,06:49,cocc.v,Large,10,5,1,0,0,NA,0,,NA,NA,NA,NA,NA,NA
MTA.C.2025.07.063,63,Montagne d'Ambre,Locality 1: Joffreville road edge,MTA,2025,7,,Furcifer,pardalis,Furcifer pardalis,,NA,0158,MTA.0158,18,37,18:37,TCE,1.5,NA,NA,23_juil._2025,16,29,16:29,23_juil._2025,Juvenile,M,81,NA,NA,NA,9,06,55,06:55,cocc.v,Large,5,5,1,0,0,NA,0,,NA,NA,NA,NA,NA,NA
MTA.C.2025.07.064,64,Montagne d'Ambre,Locality 1: Joffreville road edge,MTA,2025,7,,Furcifer,oustaleti,Furcifer oustaleti,,NA,0159,MTA.0159,18,40,18:40,TCE,1.5,NA,NA,23_juil._2025,16,32,16:32,23_juil._2025,Sub-Adult,F,136,NA,NA,NA,56,07,39,07:39,cocc.v,Large,5,5,1,0,0,NA,0,,lime green,NA,NA,NA,NA,NA
MTA.C.2025.07.065,65,Montagne d'Ambre,Locality 1: Joffreville road edge,MTA,2025,7,,Furcifer,pardalis,Furcifer pardalis,,NA,0160,MTA.0160,18,43,18:43,TCE,2.0,NA,NA,23_juil._2025,16,33,16:33,23_juil._2025,Sub-Adult,M,129,NA,NA,NA,58,07,44,07:44,cocc.v,Large,30,5,1,0,0,NA,1,,NA,NA,NA,NA,NA,NA
MTA.C.2025.07.066,66,Montagne d'Ambre,Locality 1: Joffreville road edge,MTA,2025,7,,Furcifer,oustaleti,Furcifer oustaleti,,NA,0163,MTA.0163,18,50,18:50,TCE,1.8,NA,NA,23_juil._2025,16,37,16:37,23_juil._2025,Adult,M,185,NA,NA,NA,102,07,52,07:52,cocc.v,Large,5,5,1,0,0,NA,0,,NA,NA,NA,NA,NA,NA
MTA.C.2025.07.067,67,Montagne d'Ambre,Locality 1: Joffreville road edge,MTA,2025,7,,Furcifer,pardalis,Furcifer pardalis,,NA,0164,MTA.0164,18,56,18:56,TCE,3.0,NA,NA,23_juil._2025,16,40,16:40,23_juil._2025,Sub-Adult,M,107,NA,NA,NA,25,07,56,07:56,cocc.v,Large,10,5,1,0,0,NA,0,,NA,NA,NA,NA,NA,NA
MTA.C.2025.07.068,68,Montagne d'Ambre,Locality 1: Joffreville road edge,MTA,2025,7,,Furcifer,oustaleti,Furcifer oustaleti,,NA,0166,MTA.0166,19,01,19:01,TCE,1.0,NA,NA,23_juil._2025,16,44,16:44,23_juil._2025,Sub-Adult,F,135,NA,NA,NA,52,08,00,08:00,cocc.v,Large,30,5,1,0,0,NA,1,,lime green,NA,NA,NA,NA,NA
MTA.C.2025.07.069,69,Montagne d'Ambre,Locality 1: Joffreville road edge,MTA,2025,7,,Furcifer,oustaleti,Furcifer oustaleti,,NA,0167,MTA.0167,19,12,19:12,TCE,2.0,NA,NA,23_juil._2025,16,48,16:48,23_juil._2025,Adult,M,249,NA,NA,NA,260,06,34,06:34,cocc.v,Medium,80,5,1,0,0,NA,0,,NA,NA,NA,NA,NA,NA
MTA.C.2025.07.070,70,Montagne d'Ambre,Locality 1: Joffreville road edge,MTA,2025,7,,Furcifer,pardalis,Furcifer pardalis,,NA,0168,MTA.0168,19,15,19:15,TCE,1.0,NA,NA,23_juil._2025,16,57,16:57,23_juil._2025,Sub-Adult,M,110,NA,NA,NA,35,14,42,14:42,cocc.v,Large,10,5,1,1,1,14:42,0,,NA,NA,NA,NA,NA,NA
MTA.C.2025.07.071,71,Montagne d'Ambre,Locality 1: Joffreville road edge,MTA,2025,7,,Furcifer,pardalis,Furcifer pardalis,,NA,0169,MTA.0169,19,22,19:22,TCE,1.5,NA,NA,23_juil._2025,16,57,16:57,23_juil._2025,Juvenile,M,94,NA,NA,NA,18,08,15,08:15,cocc.v,Large,5,5,1,0,0,NA,0,,NA,NA,NA,NA,NA,NA
MTA.C.2025.07.072,72,Montagne d'Ambre,Locality 1: Joffreville road edge,MTA,2025,7,,Furcifer,pardalis,Furcifer pardalis,,NA,0171,MTA.0171,19,24,19:24,TCE,0.5,NA,NA,23_juil._2025,16,58,16:58,23_juil._2025,Juvenile,M,95,NA,NA,NA,14,14,46,14:46,cocc.v,Small,1 drop,5,1,1,1,14:59,0,,2nd blood draw successful,NA,NA,NA,NA,NA
MTA.C.2025.07.073,73,Montagne d'Ambre,Locality 1: Joffreville road edge,MTA,2025,7,,Calumma,ambrense,Calumma ambrense,,NA,0185,MTA.0185,18,55,18:55,TCE,2.0,NA,NA,24_juil._2025,19,15,19:15,23_juil._2025,Adult,M,135,NA,NA,NA,118,22,05,22:05,cocc.v,Medium,5,5,1,0,0,NA,0,,NA,NA,NA,NA,NA,NA
MTA.C.2025.07.074,74,Montagne d'Ambre,Locality 1: Joffreville road edge,MTA,2025,7,,Furcifer,pardalis,Furcifer pardalis,,NA,0186,MTA.0186,19,02,19:02,TCE,0.5,NA,NA,24_juil._2025,19,14,19:14,23_juil._2025,Juvenile,M,68,NA,NA,NA,6,22,10,22:10,cocc.v,Small,20,5,1,1,1,15:04,0,,NA,NA,NA,NA,NA,NA
MTA.C.2025.07.075,75,Montagne d'Ambre,Locality 1: Joffreville road edge,MTA,2025,7,,Calumma,ambrense,Calumma ambrense,,NA,0188,MTA.0188,19,08,19:08,TCE,0.5,NA,NA,24_juil._2025,19,13,19:13,23_juil._2025,Adult,F,133,NA,NA,NA,62,22,14,22:14,cocc.v,Small,1 drop,5,1,0,0,NA,0,,NA,NA,NA,NA,NA,NA
MTA.C.2025.07.076,76,Montagne d'Ambre,Locality 1: Joffreville road edge,MTA,2025,7,,Calumma,ambrense,Calumma ambrense,,NA,0190,MTA.0190,19,18,19:18,TCE,0.5,NA,NA,24_juil._2025,19,10,19:10,23_juil._2025,Sub-Adult,F,95,NA,NA,NA,51,22,18,22:18,cocc.v,Large,100,5,1,0,0,NA,0,,NA,NA,NA,NA,NA,NA
MTA.C.2025.07.077,77,Montagne d'Ambre,Locality 1: Joffreville road edge,MTA,2025,7,,Calumma,amber,Calumma amber,,NA,0193,MTA.0193,19,23,19:23,TCE,2.0,NA,NA,24_juil._2025,19,08,19:08,23_juil._2025,Adult,M,125,NA,NA,NA,35,22,23,22:23,cocc.v,Large,10,5,1,1,1,15:10,0,,NA,NA,NA,NA,NA,NA
MTA.C.2025.07.078,78,Montagne d'Ambre,Locality 1: Joffreville road edge,MTA,2025,7,,Calumma,ambrense,Calumma ambrense,,NA,0195,MTA.0195,19,34,19:34,TCE,2.0,NA,NA,24_juil._2025,19,00,19:00,23_juil._2025,Sub-Adult,M,93,NA,NA,NA,42,22,26,22:26,cocc.v,Large,3,5,1,1,1,15:12,0,,NA,NA,NA,NA,NA,NA
MTA.C.2025.07.079,79,Montagne d'Ambre,Locality 1: Joffreville road edge,MTA,2025,7,,Calumma,ambrense,Calumma ambrense,,NA,0195,MTA.0195,19,34,19:34,TCE,2.0,NA,NA,24_juil._2025,19,00,19:00,23_juil._2025,Adult,F,112,NA,NA,NA,61,22,28,22:28,cocc.v,Large,3,5,1,1,1,15:16,0,,females green coloration (Males turquoise),NA,NA,NA,NA,NA
MTA.C.2025.07.080,80,Montagne d'Ambre,Locality 1: Joffreville road edge,MTA,2025,7,,Calumma,ambrense,Calumma ambrense,,NA,0196,MTA.0196,19,40,19:40,TCE,1.5,NA,NA,24_juil._2025,18,56,18:56,23_juil._2025,Sub-Adult,M,112,NA,NA,NA,56,22,36,22:36,cocc.v,Small,2 drops,5,1,0,0,NA,0,,rostral appendage,NA,NA,NA,NA,NA
MTA.C.2025.07.081,81,Montagne d'Ambre,Locality 1: Joffreville road edge,MTA,2025,7,,Calumma,ambrense,Calumma ambrense,,NA,0198,MTA.0198,19,43,19:43,TCE,0.5,NA,NA,24_juil._2025,18,53,18:53,23_juil._2025,Adult,M,130,NA,NA,NA,57,22,38,22:38,cocc.v,Large,10,5,1,0,0,NA,0,,shedding,NA,NA,NA,NA,NA
MTA.C.2025.07.082,82,Montagne d'Ambre,Locality 1: Joffreville road edge,MTA,2025,7,,Calumma,ambrense,Calumma ambrense,,NA,0198,MTA.0198,19,43,19:43,TCE,0.4,NA,NA,24_juil._2025,18,53,18:53,23_juil._2025,Sub-Adult,M,100,NA,NA,NA,44,22,42,22:42,cocc.v,Large,5,5,1,0,0,NA,0,,NA,NA,NA,NA,NA,NA
MTA.C.2025.07.083,83,Montagne d'Ambre,Locality 1: Joffreville road edge,MTA,2025,7,,Calumma,ambrense,Calumma ambrense,,NA,0199,MTA.0199,19,46,19:46,TCE,0.5,NA,NA,24_juil._2025,18,50,18:50,23_juil._2025,Adult,F,130,NA,NA,NA,69,22,46,22:46,cocc.v,Large,5,5,1,1,1,15:22,0,,NA,NA,NA,NA,NA,NA
,,,,,,,,,,,,,,,,,,,,,,,,,,,,,,,,,,,,,,,,,,,,,,,,,,,,
MTF.C.2025.07.001,1,Montagne des Francais,Locality 1: Andavakoera forest,MTF,2025,7,,Furcifer,pardalis,Furcifer pardalis,,NA,0002,MTF.0002,21,52,21:52,OPP T14,3.0,NA,NA,26_juil._2025,11,11,11:11,25_juil._2025,Juvenile,M,117,NA,NA,NA,17,13,19,13:19,cocc.v,Large,900,5,1,0,0,NA,0,,NA,NA,NA,NA,NA,NA
MTF.C.2025.07.002,2,Montagne des Francais,Locality 1: Andavakoera forest,MTF,2025,7,,Furcifer,oustaleti,Furcifer oustaleti,,NA,0001,MTF.0001,22,00,22:00,OPP T14,0.5,NA,NA,26_juil._2025,11,09,11:09,25_juil._2025,Sub-Adult,M,124,NA,NA,NA,35,13,27,13:27,cocc.v,Large,800,5,1,0,0,NA,0,,NA,NA,NA,NA,NA,NA
MTF.C.2025.07.003,3,Montagne des Francais,Locality 1: Andavakoera forest,MTF,2025,7,,Furcifer,pardalis,Furcifer pardalis,,NA,0004,MTF.0004,10,44,10:44,F,0.5,NA,NA,26_juil._2025,11,36,11:36,25_juil._2025,Sub-Adult,M,169,NA,NA,NA,68,13,31,13:31,cocc.v,Large,1000,5,1,1,2,NA,0,,NA,NA,NA,NA,NA,NA
MTF.C.2025.07.004,4,Montagne des Francais,Locality 1: Andavakoera forest,MTF,2025,7,,Furcifer,pardalis,Furcifer pardalis,,NA,0022,MTF.0022,17,50,17:50,F,0.6,NA,NA,26_juil._2025,10,52,10:52,26_juil._2025,Adult,M,159,NA,NA,NA,90,08,05,08:05,cocc.v,Large,1000,5,1,0,0,NA,0,,NA,NA,NA,NA,NA,NA
MTF.C.2025.07.005,5,Montagne des Francais,Locality 1: Andavakoera forest,MTF,2025,7,,Furcifer,pardalis,Furcifer pardalis,,NA,0023,MTF.0023,18,05,18:05,F,1.0,NA,NA,26_juil._2025,12,02,12:02,26_juil._2025,Juvenile,M,88,NA,NA,NA,10,08,10,08:10,cocc.v,Large,500,5,1,0,0,NA,0,,NA,NA,NA,NA,NA,NA
MTF.C.2025.07.006,6,Montagne des Francais,Locality 1: Andavakoera forest,MTF,2025,7,,Furcifer,pardalis,Furcifer pardalis,,NA,0042,MTF.0042,18,13,18:13,F,2.5,NA,NA,26_juil._2025,10,59,10:59,26_juil._2025,Sub-Adult,F,165,NA,NA,NA,81,08,15,08:15,cocc.v,Large,1000,5,1,0,0,NA,0,,NA,NA,NA,NA,NA,NA
MTF.C.2025.07.007,7,Montagne des Francais,Locality 1: Andavakoera forest,MTF,2025,7,,Furcifer,pardalis,Furcifer pardalis,,NA,0043,MTF.0043,18,26,18:26,F,1.0,NA,NA,26_juil._2025,11,04,11:04,26_juil._2025,Sub-Adult,M,155,NA,NA,NA,52,08,23,08:23,cocc.v,Large,800,5,1,0,0,NA,0,,NA,NA,NA,NA,NA,NA
MTF.C.2025.07.008,8,Montagne des Francais,Locality 1: Andavakoera forest,MTF,2025,7,,Furcifer,pardalis,Furcifer pardalis,,NA,0039,MTF.0039,21,49,21:49,OPP,1.8,NA,NA,26_juil._2025,11,15,11:15,26_juil._2025,Juvenile,M,84,NA,NA,NA,9,08,30,08:30,cocc.v,NA,NA,5,0,0,0,NA,0,,NA,NA,blood draw failed,NA,NA,NA
MTF.C.2025.07.009,9,Montagne des Francais,Locality 1: Andavakoera forest,MTF,2025,7,,Furcifer,pardalis,Furcifer pardalis,,NA,0040,MTF.0040,21,59,21:59,OPP,0.6,NA,NA,26_juil._2025,11,17,11:17,26_juil._2025,Juvenile,M,83,NA,NA,NA,9,08,35,08:35,cocc.v,Small,50,5,1,1,1,NA,0,,NA,NA,NA,NA,NA,NA
MTF.C.2025.07.010,10,Montagne des Francais,Locality 1: Andavakoera forest,MTF,2025,7,,Furcifer,pardalis,Furcifer pardalis,,NA,0041,MTF.0041,22,06,22:06,F,0.5,NA,NA,26_juil._2025,11,17,11:17,26_juil._2025,Juvenile,M,92,NA,NA,NA,14,08,37,08:37,cocc.v,Large,1000,5,1,0,0,NA,0,,NA,NA,NA,NA,NA,NA
MTF.C.2025.07.011,11,Montagne des Francais,Locality 1: Andavakoera forest,MTF,2025,7,,Furcifer,pardalis,Furcifer pardalis,,NA,0044,MTF.0044,11,52,11:52,F,2.0,NA,NA,27_juil._2025,17,26,17:26,27_juil._2025,Adult,M,160,NA,NA,NA,78,11,20,11:20,cocc.v,Large,1000,5,1,1,2,14:36,1,,NA,NA,NA,NA,NA,NA
MTF.C.2025.07.012,12,Montagne des Francais,Locality 1: Andavakoera forest,MTF,2025,7,,Furcifer,pardalis,Furcifer pardalis,,NA,0050,MTF.0050,17,08,17:08,F T3,0.5,NA,NA,27_juil._2025,19,00,19:00,27_juil._2025,Juvenile,M,83,NA,NA,NA,11,11,27,11:27,cocc.v,Small,100,5,1,1,1,NA,0,,NA,NA,NA,NA,NA,NA
MTF.C.2025.07.013,13,Montagne des Francais,Locality 1: Andavakoera forest,MTF,2025,7,,Furcifer,pardalis,Furcifer pardalis,,NA,0047,MTF.0047,18,12,18:12,F T6,2.0,NA,NA,27_juil._2025,17,35,17:35,27_juil._2025,Sub-Adult,M,136,NA,NA,NA,49,11,32,11:32,cocc.v,Large,1000,5,1,0,0,NA,1,,NA,NA,NA,NA,NA,NA
MTF.C.2025.07.014,14,Montagne des Francais,Locality 1: Andavakoera forest,MTF,2025,7,,Furcifer,pardalis,Furcifer pardalis,,NA,0046,MTF.0046,18,23,18:23,F T6,0.4,NA,NA,27_juil._2025,17,47,17:47,27_juil._2025,Juvenile,M,110,NA,NA,NA,21,11,39,11:39,cocc.v,Small,200,5,1,0,0,NA,0,,NA,NA,Mength and mass measurment error,NA,NA,NA
MTF.C.2025.07.015,15,Montagne des Francais,Locality 1: Andavakoera forest,MTF,2025,7,,Furcifer,petteri,Furcifer petteri,,NA,0045,MTF.0045,18,30,18:30,F,0.3,NA,NA,27_juil._2025,17,59,17:59,27_juil._2025,Sub-Adult,F,78,NA,NA,NA,7,11,41,11:41,cocc.v,Small,50,5,1,1,1,NA,0,,NA,NA,NA,NA,NA,NA
MTF.C.2025.07.016,16,Montagne des Francais,Locality 1: Andavakoera forest,MTF,2025,7,,Furcifer,petteri,Furcifer petteri,,NA,0048,MTF.0048,18,52,18:52,F,2.1,NA,NA,27_juil._2025,17,44,17:44,27_juil._2025,Juvenile,M,45,NA,NA,NA,2,NA,NA,NA,NA,NA,NA,5,0,1,1,14:36,0,,NA,NA,"too small, no blood",NA,NA,NA
MTF.C.2025.07.017,17,Montagne des Francais,Locality 2: Road edge ,MTF,2025,7,,Furcifer,pardalis,Furcifer pardalis,,NA,0051,MTF.0051,19,28,19:28,R1,2.0,NA,NA,27_juil._2025,17,08,17:08,27_juil._2025,Juvenile,M,79,NA,NA,NA,9,11,48,11:48,cocc.v,Small,30,5,1,1,1,14:39,0,,NA,NA,NA,NA,NA,NA
MTF.C.2025.07.018,18,Montagne des Francais,Locality 2: Road edge ,MTF,2025,7,,Furcifer,oustaleti,Furcifer oustaleti,,NA,0052,MTF.0052,19,36,19:36,R1,1.6,NA,NA,27_juil._2025,17,13,17:13,27_juil._2025,Sub-Adult,F,128,NA,NA,NA,40,11,52,11:52,cocc.v,Large,1000,5,1,0,0,NA,1,,NA,NA,NA,NA,NA,NA
MTF.C.2025.07.019,19,Montagne des Francais,Locality 2: Road edge ,MTF,2025,7,,Furcifer,pardalis,Furcifer pardalis,,NA,0053,MTF.0053,19,42,19:42,R1,1.6,NA,NA,27_juil._2025,17,14,17:14,27_juil._2025,Juvenile,M,112,NA,NA,NA,25,11,58,11:58,cocc.v,Small,100,5,1,0,0,NA,0,,NA,NA,NA,NA,NA,NA
MTF.C.2025.07.020,20,Montagne des Francais,Locality 2: Road edge ,MTF,2025,7,,Furcifer,pardalis,Furcifer pardalis,,NA,0055,MTF.0055,19,46,19:46,R1,2.0,NA,NA,27_juil._2025,17,09,17:09,27_juil._2025,Adult,M,177,NA,NA,NA,136,12,03,12:03,cocc.v,Large,1000,5,1,0,0,NA,0,,NA,NA,NA,NA,NA,NA
MTF.C.2025.07.021,21,Montagne des Francais,Locality 1: Andavakoera forest,MTF,2025,7,,Furcifer,pardalis,Furcifer pardalis,,NA,0056,MTF.0056,20,44,20:44,OPP,3.0,NA,NA,27_juil._2025,16,47,16:47,27_juil._2025,Adult,M,154,NA,NA,NA,64,12,06,12:06,cocc.v,Small,400,5,1,0,0,NA,0,,NA,NA,NA,NA,NA,NA
MTF.C.2025.07.022,22,Montagne des Francais,Locality 1: Andavakoera forest,MTF,2025,7,,Furcifer,pardalis,Furcifer pardalis,,NA,0054,MTF.0054,20,50,20:50,OPP,5.0,NA,NA,27_juil._2025,16,53,16:53,27_juil._2025,Sub-Adult,M,132,NA,NA,NA,83,12,10,12:10,cocc.v,Medium,400,5,1,0,0,NA,0,,NA,NA,NA,NA,NA,NA
MTF.C.2025.07.023,23,Montagne des Francais,Locality 2: Road edge ,MTF,2025,7,,Furcifer,pardalis,Furcifer pardalis,,NA,0057,MTF.0057,21,28,21:28,R1,2.0,NA,NA,27_juil._2025,17,36,17:36,27_juil._2025,Adult,M,170,NA,NA,NA,89,12,15,12:15,cocc.v,Small,80,5,1,0,0,NA,0,,NA,NA,NA,NA,NA,NA
MTF.C.2025.07.024,24,Montagne des Francais,Locality 2: Road edge ,MTF,2025,7,,Furcifer,pardalis,Furcifer pardalis,,NA,0058,MTF.0058,21,32,21:32,R1,1.5,NA,NA,27_juil._2025,17,37,17:37,27_juil._2025,Sub-Adult,M,90,NA,NA,NA,18,12,22,12:22,cocc.v,Medium,500,5,1,0,0,NA,0,,NA,NA,NA,NA,NA,NA
MTF.C.2025.07.025,25,Montagne des Francais,Locality 2: Road edge ,MTF,2025,7,,Furcifer,oustaleti,Furcifer oustaleti,,NA,0059,MTF.0059,21,36,21:36,R1,2.0,NA,NA,27_juil._2025,17,38,17:38,27_juil._2025,Sub-Adult,F,124,NA,NA,NA,40,12,26,12:26,cocc.v,Medium,1000,5,1,0,0,NA,0,,NA,NA,NA,NA,NA,NA
MTF.C.2025.07.026,26,Montagne des Francais,Locality 2: Road edge ,MTF,2025,7,,Furcifer,pardalis,Furcifer pardalis,,NA,0061,MTF.0061,21,44,21:44,R1,2.0,NA,NA,27_juil._2025,17,48,17:48,27_juil._2025,Adult,M,179,NA,NA,NA,75,13,39,13:39,cocc.v,Small,500,5,1,1,1,NA,0,,NA,NA,NA,NA,NA,NA
MTF.C.2025.07.027,27,Montagne des Francais,Locality 2: Road edge ,MTF,2025,7,,Furcifer,pardalis,Furcifer pardalis,,NA,0062,MTF.0062,03,03,03:03,R1,2.0,NA,NA,27_juil._2025,17,44,17:44,27_juil._2025,Juvenile,F,80,NA,NA,NA,12,13,46,13:46,cocc.v,Medium,700,5,1,0,0,NA,0,,NA,NA,NA,NA,NA,NA
MTF.C.2025.07.028,28,Montagne des Francais,Locality 2: Road edge ,MTF,2025,7,,Furcifer,pardalis,Furcifer pardalis,,NA,0062,MTF.0062,03,05,03:05,R1,3.0,NA,NA,27_juil._2025,17,44,17:44,27_juil._2025,Adult,M,170,NA,NA,NA,84,13,50,13:50,cocc.v,Large,1000,5,1,0,0,NA,0,,NA,NA,NA,NA,NA,NA
MTF.C.2025.07.029,29,Montagne des Francais,Locality 2: Road edge ,MTF,2025,7,,Furcifer,pardalis,Furcifer pardalis,,NA,0063,MTF.0063,03,18,03:18,R1,3.0,NA,NA,27_juil._2025,17,28,17:28,27_juil._2025,Adult,M,170,NA,NA,NA,96,13,56,13:56,cocc.v,Large,1000,5,1,0,0,NA,1,,NA,NA,"Shedding, whole body, nearly",NA,NA,NA
MTF.C.2025.07.030,30,Montagne des Francais,Locality 2: Road edge ,MTF,2025,7,,Furcifer,pardalis,Furcifer pardalis,,NA,0064,MTF.0064,03,22,03:22,R1,2.5,NA,NA,27_juil._2025,17,30,17:30,27_juil._2025,Adult,M,160,NA,NA,NA,98,14,00,14:00,cocc.v,Medium,300,5,1,0,0,NA,0,,NA,NA,NA,NA,NA,NA
MTF.C.2025.07.031,31,Montagne des Francais,Locality 2: Road edge ,MTF,2025,7,,Furcifer,pardalis,Furcifer pardalis,,NA,0067,MTF.0067,18,14,18:14,R2,2.0,NA,NA,28_juil._2025,19,00,19:00,28_juil._2025,Juvenile,M,91,NA,NA,NA,11,08,38,08:38,cocc.v,Large,1000,5,1,0,0,NA,0,,NA,NA,NA,NA,NA,NA
MTF.C.2025.07.032,32,Montagne des Francais,Locality 2: Road edge ,MTF,2025,7,,Furcifer,pardalis,Furcifer pardalis,,NA,0068,MTF.0068,18,18,18:18,R2,2.5,NA,NA,28_juil._2025,19,02,19:02,28_juil._2025,Juvenile,M,125,NA,NA,NA,25,08,44,08:44,cocc.v,Small,80,5,1,0,0,NA,0,,NA,NA,NA,NA,NA,NA
MTF.C.2025.07.033,33,Montagne des Francais,Locality 2: Road edge ,MTF,2025,7,,Furcifer,pardalis,Furcifer pardalis,,NA,0069,MTF.0069,18,30,18:30,R2,2.0,NA,NA,28_juil._2025,19,10,19:10,28_juil._2025,Adult,M,181,NA,NA,NA,87,08,49,08:49,cocc.v,Small,300,5,1,0,0,NA,0,,NA,NA,NA,NA,NA,NA
MTF.C.2025.07.034,34,Montagne des Francais,Locality 2: Road edge ,MTF,2025,7,,Furcifer,pardalis,Furcifer pardalis,,NA,0070,MTF.0070,18,34,18:34,R2,2.5,NA,NA,28_juil._2025,19,11,19:11,28_juil._2025,Adult,M,172,NA,NA,NA,86,08,58,08:58,cocc.v,Large,1000,5,1,0,0,NA,1,,NA,NA,NA,NA,NA,NA
MTF.C.2025.07.035,35,Montagne des Francais,Locality 2: Road edge ,MTF,2025,7,,Furcifer,pardalis,Furcifer pardalis,,NA,0071,MTF.0071,18,38,18:38,R2,2.0,NA,NA,28_juil._2025,19,14,19:14,28_juil._2025,Adult,M,174,NA,NA,NA,90,09,05,09:05,cocc.v,Large,1000,5,1,0,0,NA,1,,NA,NA,NA,NA,NA,NA
MTF.C.2025.07.036,36,Montagne des Francais,Locality 2: Road edge ,MTF,2025,7,,Furcifer,pardalis,Furcifer pardalis,,NA,0072,MTF.0072,19,02,19:02,R2,2.5,NA,NA,28_juil._2025,19,17,19:17,28_juil._2025,Adult,M,190,NA,NA,NA,98,09,10,09:10,cocc.v,Large,400,5,1,0,0,NA,0,,NA,NA,NA,NA,NA,NA
MTF.C.2025.07.037,37,Montagne des Francais,Locality 2: Road edge ,MTF,2025,7,,Furcifer,pardalis,Furcifer pardalis,,NA,0073,MTF.0073,19,04,19:04,R2,2.0,NA,NA,28_juil._2025,19,18,19:18,28_juil._2025,Adult,M,196,NA,NA,NA,131,09,17,09:17,cocc.v,Large,1000,5,1,0,0,NA,1,,NA,NA,NA,NA,NA,NA
MTF.C.2025.07.038,38,Montagne des Francais,Locality 2: Road edge ,MTF,2025,7,,Furcifer,pardalis,Furcifer pardalis,,NA,0074,MTF.0074,19,08,19:08,R2,2.0,NA,NA,28_juil._2025,19,13,19:13,28_juil._2025,Adult,M,172,NA,NA,NA,88,08,52,08:52,cocc.v,Large,500,5,1,0,0,NA,0,,NA,NA,NA,NA,NA,NA
MTF.C.2025.07.039,39,Montagne des Francais,Locality 2: Road edge ,MTF,2025,7,,Furcifer,pardalis,Furcifer pardalis,,NA,0075,MTF.0075,19,16,19:16,R2,2.0,NA,NA,28_juil._2025,19,06,19:06,28_juil._2025,Adult,M,175,NA,NA,NA,83,09,23,09:23,cocc.v,Large,1000,5,1,0,0,NA,1,,NA,NA,NA,NA,NA,NA
MTF.C.2025.07.040,40,Montagne des Francais,Locality 2: Road edge ,MTF,2025,7,,Furcifer,pardalis,Furcifer pardalis,,NA,0077,MTF.0077,19,34,19:34,R2,1.5,NA,NA,28_juil._2025,20,20,20:20,28_juil._2025,Sub-Adult,M,136,NA,NA,NA,46,09,32,09:32,cocc.v,Small,120,5,1,0,0,NA,0,,NA,NA,NA,NA,NA,NA
MTF.C.2025.07.041,41,Montagne des Francais,Locality 1: Andavakoera forest,MTF,2025,7,,Furcifer,pardalis,Furcifer pardalis,,NA,0084,MTF.0084,17,32,17:32,F T7,2.0,NA,NA,28_juil._2025,17,11,17:11,28_juil._2025,Sub-Adult,M,131,NA,NA,NA,45,09,35,09:35,cocc.v,Large,500,5,1,0,0,NA,0,,NA,NA,NA,NA,NA,NA
MTF.C.2025.07.042,42,Montagne des Francais,Locality 1: Andavakoera forest,MTF,2025,7,,Furcifer,petteri,Furcifer petteri,,NA,0082,MTF.0082,18,13,18:13,F T7,2.5,NA,NA,28_juil._2025,17,06,17:06,28_juil._2025,Sub-Adult,F,80,NA,NA,NA,6,09,41,09:41,cocc.v,NA,NA,5,0,0,0,NA,0,,NA,NA,"Blood draw attempted, no success",NA,NA,NA
MTF.C.2025.07.043,43,Montagne des Francais,Locality 1: Andavakoera forest,MTF,2025,7,,Furcifer,pardalis,Furcifer pardalis,,NA,0080,MTF.0080,18,18,18:18,F T8,2.0,NA,NA,28_juil._2025,16,57,16:57,28_juil._2025,Adult,M,172,NA,NA,NA,77,09,45,09:45,cocc.v,Large,800,5,1,0,0,NA,1,,NA,NA,NA,NA,NA,NA
MTF.C.2025.07.044,44,Montagne des Francais,Locality 1: Andavakoera forest,MTF,2025,7,,Furcifer,pardalis,Furcifer pardalis,,NA,0081,MTF.0081,18,28,18:28,F T8,1.6,NA,NA,28_juil._2025,17,00,17:00,28_juil._2025,Sub-Adult,M,145,NA,NA,NA,52,09,49,09:49,cocc.v,Small,100,5,1,0,0,NA,0,,NA,NA,NA,NA,NA,NA
MTF.C.2025.07.045,45,Montagne des Francais,Locality 1: Andavakoera forest,MTF,2025,7,,Furcifer,pardalis,Furcifer pardalis,,NA,0083,MTF.0083,18,32,18:32,F T8,5.0,NA,NA,28_juil._2025,17,08,17:08,28_juil._2025,Juvenile,NA,62,NA,NA,NA,5,NA,NA,NA,NA,NA,NA,5,0,0,0,NA,0,,NA,NA,"No blood, too small",NA,NA,NA
MTF.C.2025.07.046,46,Montagne des Francais,Locality 1: Andavakoera forest,MTF,2025,7,,Furcifer,petteri,Furcifer petteri,,NA,0079,MTF.0079,18,37,18:37,F T9,1.0,NA,NA,28_juil._2025,16,55,16:55,28_juil._2025,Adult,M,82,NA,NA,NA,14,09,58,09:58,cocc.v,Small,50,5,1,0,0,NA,0,,NA,NA,NA,NA,NA,NA
MTF.C.2025.07.047,47,Montagne des Francais,Locality 1: Andavakoera forest,MTF,2025,7,,Furcifer,petteri,Furcifer petteri,,NA,0085,MTF.0085,18,00,18:00,F T6,0.5,NA,NA,28_juil._2025,16,13,16:13,28_juil._2025,Adult,M,77,NA,NA,NA,10,10,04,10:04,cocc.v,Small,20,5,1,0,0,NA,0,,NA,NA,NA,NA,NA,NA
MTF.C.2025.07.048,48,Montagne des Francais,Locality 1: Andavakoera forest,MTF,2025,7,,Furcifer,petteri,Furcifer petteri,,NA,0078,MTF.0078,19,07,19:07,F,1.0,NA,NA,28_juil._2025,16,49,16:49,28_juil._2025,Juvenile,M,50,NA,NA,NA,2,NA,NA,NA,NA,NA,NA,5,0,1,1,NA,0,,NA,NA,"No blood, too small",NA,NA,NA
MTF.C.2025.07.049,49,Montagne des Francais,Locality 2: Road edge ,MTF,2025,7,,Furcifer,pardalis,Furcifer pardalis,,NA,0091,MTF.0091,19,23,19:23,R2,2.0,NA,NA,29_juil._2025,16,07,16:07,29_juil._2025,Adult,M,168,NA,NA,NA,113,08,29,08:29,cocc.v,Large,920,5,1,0,0,NA,1,,NA,NA,NA,NA,NA,NA
MTF.C.2025.07.050,50,Montagne des Francais,Locality 2: Road edge ,MTF,2025,7,,Furcifer,pardalis,Furcifer pardalis,,NA,0087,MTF.0087,19,36,19:36,R2,1.5,NA,NA,29_juil._2025,16,11,16:11,29_juil._2025,Adult,M,217,NA,NA,NA,159,08,36,08:36,cocc.v,Large,500,5,1,0,0,NA,1,,NA,NA,NA,NA,NA,NA
MTF.C.2025.07.051,51,Montagne des Francais,Locality 2: Road edge ,MTF,2025,7,,Furcifer,oustaleti,Furcifer oustaleti,,NA,0087,MTF.0087,19,38,19:38,R2,3.0,NA,NA,29_juil._2025,16,11,16:11,29_juil._2025,Sub-Adult,F,158,NA,NA,NA,80,08,42,08:42,cocc.v,Medium,150,5,1,0,0,NA,0,,NA,NA,NA,NA,NA,NA
MTF.C.2025.07.052,52,Montagne des Francais,Locality 2: Road edge ,MTF,2025,7,,Furcifer,pardalis,Furcifer pardalis,,NA,0088,MTF.0088,19,41,19:41,R2,0.5,NA,NA,29_juil._2025,16,13,16:13,29_juil._2025,Adult,M,177,NA,NA,NA,94,08,48,08:48,cocc.v,Large,1100,5,1,0,0,NA,1,,NA,NA,NA,NA,NA,NA
MTF.C.2025.07.053,53,Montagne des Francais,Locality 2: Road edge ,MTF,2025,7,,Furcifer,pardalis,Furcifer pardalis,,NA,0089,MTF.0089,19,46,19:46,R2,0.5,NA,NA,29_juil._2025,16,16,16:16,29_juil._2025,Sub-Adult,M,164,NA,NA,NA,74,08,51,08:51,cocc.v,Large,1000,5,1,1,1,NA,1,,NA,NA,NA,NA,NA,NA
MTF.C.2025.07.054,54,Montagne des Francais,Locality 2: Road edge ,MTF,2025,7,,Furcifer,pardalis,Furcifer pardalis,,NA,0090,MTF.0090,19,50,19:50,R2,1.0,NA,NA,29_juil._2025,16,12,16:12,29_juil._2025,Adult,M,180,NA,NA,NA,127,08,57,08:57,cocc.v,Small,100,5,1,0,0,NA,0,,NA,NA,NA,NA,NA,NA
MTF.C.2025.07.055,55,Montagne des Francais,Locality 2: Road edge ,MTF,2025,7,,Furcifer,pardalis,Furcifer pardalis,,NA,0092,MTF.0092,20,00,20:00,R2,2.0,NA,NA,29_juil._2025,16,02,16:02,29_juil._2025,Adult,M,185,NA,NA,NA,89,09,03,09:03,cocc.v,Large,1100,5,1,0,0,NA,1,,NA,NA,NA,NA,NA,NA
MTF.C.2025.07.056,56,Montagne des Francais,Locality 2: Road edge ,MTF,2025,7,,Furcifer,pardalis,Furcifer pardalis,,NA,0093,MTF.0093,20,10,20:10,R2,1.5,NA,NA,29_juil._2025,15,54,15:54,29_juil._2025,Sub-Adult,M,174,NA,NA,NA,85,09,08,09:08,cocc.v,Medium,250,5,1,0,0,NA,0,,NA,NA,NA,NA,NA,NA
MTF.C.2025.07.057,57,Montagne des Francais,Locality 1: Andavakoera forest,MTF,2025,7,,Furcifer,petteri,Furcifer petteri,,NA,0094,MTF.0094,19,55,19:55,F T9,0.9,NA,NA,29_juil._2025,11,18,11:18,29_juil._2025,Juvenile,M,44,NA,NA,NA,3,NA,NA,NA,NA,NA,NA,5,0,1,1,NA,0,,NA,NA,"No blood, too small",NA,NA,NA
MTF.C.2025.07.058,58,Montagne des Francais,Locality 2: Road edge ,MTF,2025,7,,Furcifer,pardalis,Furcifer pardalis,,NA,0095,MTF.0095,18,58,18:58,R2,1.5,NA,NA,30_juil._2025,19,12,19:12,30_juil._2025,Sub-Adult,M,150,NA,NA,NA,73,06,08,06:08,cocc.v,Large,300,5,1,0,0,NA,0,,NA,NA,NA,NA,NA,NA
MTF.C.2025.07.059,59,Montagne des Francais,Locality 2: Road edge ,MTF,2025,7,,Furcifer,pardalis,Furcifer pardalis,,NA,0096,MTF.0096,19,00,19:00,R2,0.5,NA,NA,30_juil._2025,19,09,19:09,30_juil._2025,Sub-Adult,F,164,NA,NA,NA,73,06,15,06:15,cocc.v,Small,200,5,1,0,0,NA,0,,NA,NA,NA,NA,NA,NA
MTF.C.2025.07.060,60,Montagne des Francais,Locality 2: Road edge ,MTF,2025,7,,Furcifer,pardalis,Furcifer pardalis,,NA,0097,MTF.0097,19,02,19:02,R2,0.5,NA,NA,30_juil._2025,19,09,19:09,30_juil._2025,Sub-Adult,F,143,NA,NA,NA,55,06,21,06:21,cocc.v,Large,700,5,1,0,0,NA,0,,NA,NA,NA,NA,NA,NA
MTF.C.2025.07.061,61,Montagne des Francais,Locality 2: Road edge ,MTF,2025,7,,Furcifer,pardalis,Furcifer pardalis,,NA,0098,MTF.0098,19,06,19:06,R2,0.5,NA,NA,30_juil._2025,19,04,19:04,30_juil._2025,Sub-Adult,M,140,NA,NA,NA,48,06,26,06:26,cocc.v,Large,200,5,1,0,0,NA,0,,NA,NA,NA,NA,NA,NA
MTF.C.2025.07.062,62,Montagne des Francais,Locality 2: Road edge ,MTF,2025,7,,Furcifer,pardalis,Furcifer pardalis,,NA,0099,MTF.0099,19,15,19:15,R2,1.5,NA,NA,30_juil._2025,18,58,18:58,30_juil._2025,Adult,M,225,NA,NA,NA,158,06,30,06:30,cocc.v,Large,500,5,1,1,2,NA,0,,NA,NA,shedding on arm (small part) captured at same sight as C.005 and mass similar,NA,NA,NA
MTF.C.2025.07.063,63,Montagne des Francais,Locality 2: Road edge ,MTF,2025,7,,Furcifer,pardalis,Furcifer pardalis,,NA,0100,MTF.0100,19,18,19:18,R2,2.0,NA,NA,30_juil._2025,18,56,18:56,30_juil._2025,Adult,M,168,NA,NA,NA,115,06,38,06:38,cocc.v,Large,1000,5,1,0,0,NA,0,,NA,NA,NA,NA,NA,NA
MTF.C.2025.07.064,64,Montagne des Francais,Locality 2: Road edge ,MTF,2025,7,,Furcifer,pardalis,Furcifer pardalis,,NA,0101,MTF.0101,19,22,19:22,R2,1.0,NA,NA,30_juil._2025,18,50,18:50,30_juil._2025,Sub-Adult,M,167,NA,NA,NA,75,06,42,06:42,cocc.v,Large,400,5,1,0,0,NA,0,,NA,NA,NA,NA,NA,NA
MTF.C.2025.07.065,65,Montagne des Francais,Locality 2: Road edge ,MTF,2025,7,,Furcifer,pardalis,Furcifer pardalis,,NA,0102,MTF.0102,19,25,19:25,R2,2.0,NA,NA,30_juil._2025,18,50,18:50,30_juil._2025,Sub-Adult,M,178,NA,NA,NA,92,06,45,06:45,cocc.v,Large,400,5,1,1,2,NA,0,,NA,NA,NA,NA,NA,NA
MTF.C.2025.07.066,66,Montagne des Francais,Locality 2: Road edge ,MTF,2025,7,,Furcifer,pardalis,Furcifer pardalis,,NA,0103,MTF.0103,19,33,19:33,R2,1.0,NA,NA,30_juil._2025,18,43,18:43,30_juil._2025,Juvenile,M,95,NA,NA,NA,16,06,49,06:49,cocc.v,Medium,100,5,1,0,0,NA,0,,NA,NA,NA,NA,NA,NA
MTF.C.2025.07.067,67,Montagne des Francais,Locality 1: Andavakoera forest,MTF,2025,7,,Furcifer,pardalis,Furcifer pardalis,,NA,0104,MTF.0104,09,38,09:38,F,0.5,NA,NA,31_juil._2025,16,59,16:59,31_juil._2025,Adult,M,208,NA,NA,NA,119,16,13,16:13,cocc.v,Large,400,5,1,1,2,NA,1,,Orange,NA,Summit,NA,NA,NA
MTF.C.2025.07.068,68,Montagne des Francais,Locality 2: Road edge ,MTF,2025,7,,Furcifer,pardalis,Furcifer pardalis,,NA,0105,MTF.0105,19,06,19:06,R2,1.0,NA,NA,31_juil._2025,21,29,21:29,31_juil._2025,Juvenile,M,85,NA,NA,NA,11,16,18,16:18,cocc.v,Small,100,5,1,1,1,NA,0,,NA,NA,NA,NA,NA,NA
MTF.C.2025.07.069,69,Montagne des Francais,Locality 2: Road edge ,MTF,2025,7,,Furcifer,pardalis,Furcifer pardalis,,NA,0106,MTF.0106,19,10,19:10,R2,2.0,NA,NA,31_juil._2025,21,25,21:25,31_juil._2025,Adult,M,193,NA,NA,NA,129,16,20,16:20,cocc.v,Large,1000,5,1,0,0,NA,1,,NA,NA,NA,NA,NA,NA
MTF.C.2025.07.070,70,Montagne des Francais,Locality 2: Road edge ,MTF,2025,7,,Furcifer,pardalis,Furcifer pardalis,,NA,0107,MTF.0107,19,23,19:23,R2,1.8,NA,NA,31_juil._2025,21,23,21:23,31_juil._2025,Sub-Adult,M,150,NA,NA,NA,66,16,26,16:26,cocc.v,Small,100,5,1,0,0,NA,0,,NA,NA,NA,NA,NA,NA
MTF.C.2025.07.071,71,Montagne des Francais,Locality 2: Road edge ,MTF,2025,7,,Furcifer,pardalis,Furcifer pardalis,,NA,0108,MTF.0108,19,26,19:26,R2,3.0,NA,NA,31_juil._2025,21,21,21:21,31_juil._2025,Juvenile,M,140,NA,NA,NA,51,16,28,16:28,cocc.v,Medium,200,5,1,0,0,NA,0,,NA,NA,NA,NA,NA,NA
MTF.C.2025.07.072,72,Montagne des Francais,Locality 2: Road edge ,MTF,2025,7,,Furcifer,pardalis,Furcifer pardalis,,NA,0109,MTF.0109,19,28,19:28,R2,1.5,NA,NA,31_juil._2025,21,19,21:19,31_juil._2025,Sub-Adult,M,160,NA,NA,NA,85,16,30,16:30,cocc.v,Small,100,5,1,0,0,NA,0,,NA,NA,NA,NA,NA,NA
MTF.C.2025.07.073,73,Montagne des Francais,Locality 2: Road edge ,MTF,2025,7,,Furcifer,pardalis,Furcifer pardalis,,NA,0110,MTF.0110,19,20,19:20,R2,0.2,NA,NA,31_juil._2025,21,16,21:16,31_juil._2025,Sub-Adult,M,166,NA,NA,NA,68,16,35,16:35,cocc.v,Large,700,5,1,0,0,NA,1,,NA,NA,NA,NA,NA,NA
MTF.C.2025.07.074,74,Montagne des Francais,Locality 2: Road edge ,MTF,2025,7,,Furcifer,pardalis,Furcifer pardalis,,NA,0113,MTF.0113,19,41,19:41,R2,2.0,NA,NA,31_juil._2025,21,13,21:13,31_juil._2025,Juvenile,NA,68,NA,NA,NA,6,16,39,16:39,cocc.v,Small,2 drops,5,1,1,1,NA,0,,NA,NA,Difficult to determine sex because too small,NA,NA,NA
MTF.C.2025.07.075,75,Montagne des Francais,Locality 2: Road edge ,MTF,2025,7,,Furcifer,oustaleti,Furcifer oustaleti,,NA,0114,MTF.0114,19,43,19:43,R2,2.0,NA,NA,31_juil._2025,21,09,21:09,31_juil._2025,Sub-Adult,F,124,NA,NA,NA,47,16,42,16:42,cocc.v,Small,100,5,1,0,0,NA,0,,NA,NA,NA,NA,NA,NA
MTF.C.2025.07.076,76,Montagne des Francais,Locality 2: Road edge ,MTF,2025,7,,Furcifer,oustaleti,Furcifer oustaleti,,NA,0115,MTF.0115,19,48,19:48,R2,1.5,NA,NA,31_juil._2025,21,09,21:09,31_juil._2025,Sub-Adult,F,155,NA,NA,NA,64,16,47,16:47,cocc.v,Medium,300,5,1,0,0,NA,0,,NA,NA,NA,NA,NA,NA
MTF.C.2025.07.077,77,Montagne des Francais,Locality 2: Road edge ,MTF,2025,7,,Furcifer,pardalis,Furcifer pardalis,,NA,0116,MTF.0116,20,09,20:09,R2,2.0,NA,NA,31_juil._2025,18,50,18:50,31_juil._2025,Sub-Adult,F,125,NA,NA,NA,40,16,51,16:51,cocc.v,Large,600,5,1,1,1,NA,1,,NA,NA,NA,NA,NA,NA
MTF.C.2025.07.078,78,Montagne des Francais,Locality 2: Road edge ,MTF,2025,7,,Furcifer,oustaleti,Furcifer oustaleti,,NA,0117,MTF.0117,20,13,20:13,R2,2.0,NA,NA,31_juil._2025,20,22,20:22,31_juil._2025,Adult,M,200,NA,NA,NA,152,16,54,16:54,cocc.v,Large,1200,5,1,0,0,NA,1,,NA,NA,NA,NA,NA,NA
MTF.C.2025.07.079,79,Montagne des Francais,Locality 2: Road edge ,MTF,2025,7,,Furcifer,pardalis,Furcifer pardalis,,NA,0118,MTF.0118,20,17,20:17,R2,1.5,NA,NA,31_juil._2025,19,15,19:15,31_juil._2025,Sub-Adult,M,160,NA,NA,NA,66,16,58,16:58,cocc.v,Medium,300,5,1,0,0,NA,0,,NA,NA,NA,NA,NA,NA
MTF.C.2025.07.080,80,Montagne des Francais,Locality 2: Road edge ,MTF,2025,7,,Furcifer,pardalis,Furcifer pardalis,,NA,0119,MTF.0119,20,25,20:25,R2,3.0,NA,NA,31_juil._2025,19,24,19:24,31_juil._2025,Sub-Adult,M,140,NA,NA,NA,45,17,03,17:03,cocc.v,Small,200,5,1,0,0,NA,0,,NA,NA,NA,NA,NA,NA
MTF.C.2025.07.081,81,Montagne des Francais,Locality 2: Road edge ,MTF,2025,7,,Furcifer,pardalis,Furcifer pardalis,,NA,0120,MTF.0120,20,30,20:30,R2,3.0,NA,NA,31_juil._2025,19,45,19:45,31_juil._2025,Sub-Adult,M,165,NA,NA,NA,84,17,08,17:08,cocc.v,Medium,400,5,1,1,2,NA,0,,NA,NA,NA,NA,NA,NA
MTF.C.2025.07.082,82,Montagne des Francais,Locality 2: Road edge ,MTF,2025,7,,Furcifer,pardalis,Furcifer pardalis,,NA,0121,MTF.0121,20,46,20:46,R2,2.0,NA,NA,31_juil._2025,18,30,18:30,31_juil._2025,Adult,M,170,NA,NA,NA,107,17,14,17:14,cocc.v,Large,800,5,1,0,0,NA,1,,NA,NA,NA,NA,NA,NA
MTF.C.2025.07.083,83,Montagne des Francais,Locality 2: Road edge ,MTF,2025,7,,Furcifer,pardalis,Furcifer pardalis,,NA,0122,MTF.0122,20,49,20:49,R2,0.5,NA,NA,31_juil._2025,18,28,18:28,31_juil._2025,Juvenile,M,107,NA,NA,NA,21,17,19,17:19,cocc.v,Medium,400,5,1,0,0,NA,0,,Orange,NA,NA,NA,NA,NA
MTF.C.2025.07.084,84,Montagne des Francais,Locality 2: Road edge ,MTF,2025,7,,Furcifer,oustaleti,Furcifer oustaleti,,NA,0123,MTF.0123,20,53,20:53,R2,1.8,NA,NA,31_juil._2025,18,25,18:25,31_juil._2025,Sub-Adult,F,146,NA,NA,NA,81,17,21,17:21,cocc.v,Large,900,5,1,0,0,NA,1,,NA,NA,NA,NA,NA,NA
MTF.C.2025.07.085,85,Montagne des Francais,Locality 2: Road edge ,MTF,2025,7,,Furcifer,pardalis,Furcifer pardalis,,NA,0124,MTF.0124,21,13,21:13,R2,1.5,NA,NA,31_juil._2025,18,04,18:04,31_juil._2025,Juvenile,NA,61,NA,NA,NA,6,17,25,17:25,cocc.v,Small,200,5,1,1,1,NA,0,,NA,NA,NA,NA,NA,NA
MTF.C.2025.07.086,86,Montagne des Francais,Locality 2: Road edge ,MTF,2025,7,,Furcifer,pardalis,Furcifer pardalis,,NA,0131,MTF.0131,18,44,18:44,R2,2.0,NA,NA,01_aot_2025,11,53,11:53,01_aot_2025,Sub-Adult,M,178,NA,NA,NA,118,06,16,06:16,cocc.v,Large,400,5,1,0,0,NA,0,,NA,NA,NA,NA,NA,NA
MTF.C.2025.07.087,87,Montagne des Francais,Locality 2: Road edge ,MTF,2025,7,,Furcifer,pardalis,Furcifer pardalis,,NA,0128,MTF.0128,18,51,18:51,R2,2.0,NA,NA,01_aot_2025,11,59,11:59,01_aot_2025,Sub-Adult,M,160,NA,NA,NA,63,06,20,06:20,cocc.v,Large,1000,5,1,0,0,NA,1,,NA,NA,NA,NA,NA,NA
MTF.C.2025.07.088,88,Montagne des Francais,Locality 2: Road edge ,MTF,2025,7,,Furcifer,pardalis,Furcifer pardalis,,NA,0129,MTF.0129,19,08,19:08,R2,2.0,NA,NA,01_aot_2025,11,56,11:56,01_aot_2025,Sub-Adult,M,158,NA,NA,NA,78,06,25,06:25,cocc.v,Large,600,5,1,0,0,NA,1,,NA,NA,NA,NA,NA,NA
MTF.C.2025.07.089,89,Montagne des Francais,Locality 2: Road edge ,MTF,2025,7,,Furcifer,pardalis,Furcifer pardalis,,NA,0133,MTF.0133,19,26,19:26,R2,1.5,NA,NA,01_aot_2025,11,45,11:45,01_aot_2025,Sub-Adult,M,145,NA,NA,NA,43,06,29,06:29,cocc.v,Large,600,5,1,0,0,NA,1,,NA,NA,NA,NA,NA,NA
MTF.C.2025.07.090,90,Montagne des Francais,Locality 2: Road edge ,MTF,2025,7,,Furcifer,oustaleti,Furcifer oustaleti,,NA,0134,MTF.0134,19,40,19:40,R2,0.5,NA,NA,01_aot_2025,11,42,11:42,01_aot_2025,Sub-Adult,M,190,NA,NA,NA,109,06,33,06:33,cocc.v,Large,700,5,1,0,0,NA,1,,NA,NA,NA,NA,NA,NA
MTF.C.2025.07.091,91,Montagne des Francais,Locality 2: Road edge ,MTF,2025,7,,Furcifer,pardalis,Furcifer pardalis,,NA,0136,MTF.0136,19,49,19:49,R2,0.5,NA,NA,01_aot_2025,11,47,11:47,01_aot_2025,Sub-Adult,M,160,NA,NA,NA,83,06,37,06:37,cocc.v,Large,1000,5,1,0,0,NA,1,,NA,NA,NA,NA,NA,NA
MTF.C.2025.07.092,92,Montagne des Francais,Locality 2: Road edge ,MTF,2025,7,,Furcifer,pardalis,Furcifer pardalis,,NA,0137,MTF.0137,19,53,19:53,R2,2.0,NA,NA,01_aot_2025,11,47,11:47,01_aot_2025,Adult,M,180,NA,NA,NA,99,06,39,06:39,cocc.v,Small,100,5,1,0,0,NA,0,,NA,NA,NA,NA,NA,NA
MTF.C.2025.07.093,93,Montagne des Francais,Locality 2: Road edge ,MTF,2025,7,,Furcifer,pardalis,Furcifer pardalis,,NA,0138,MTF.0138,19,57,19:57,R2,3.0,NA,NA,01_aot_2025,11,48,11:48,01_aot_2025,Adult,M,159,NA,NA,NA,102,06,50,06:50,cocc.v,Large,1000,5,1,0,0,NA,1,,NA,NA,NA,NA,NA,NA
MTF.C.2025.07.094,94,Montagne des Francais,Locality 2: Road edge ,MTF,2025,7,,Furcifer,pardalis,Furcifer pardalis,,NA,0139,MTF.0139,20,03,20:03,R2,3.0,NA,NA,01_aot_2025,11,50,11:50,01_aot_2025,Sub-Adult,M,143,NA,NA,NA,74,06,56,06:56,cocc.v,Large,1000,5,1,0,0,NA,1,,NA,NA,NA,NA,NA,NA
MTF.C.2025.07.095,95,Montagne des Francais,Locality 2: Road edge ,MTF,2025,7,,Furcifer,pardalis,Furcifer pardalis,,NA,0140,MTF.0140,20,13,20:13,R2,2.0,NA,NA,01_aot_2025,11,58,11:58,01_aot_2025,Sub-Adult,M,155,NA,NA,NA,52,06,59,06:59,cocc.v,Small,100,5,1,0,0,NA,0,,NA,NA,NA,NA,NA,NA
MTF.C.2025.07.096,96,Montagne des Francais,Locality 2: Road edge ,MTF,2025,7,,Furcifer,pardalis,Furcifer pardalis,,NA,0143,MTF.0143,20,25,20:25,R2,3.0,NA,NA,01_aot_2025,12,01,12:01,01_aot_2025,Sub-Adult,M,176,NA,NA,NA,77,07,12,07:12,cocc.v,Large,1000,5,1,0,0,NA,1,,NA,NA,NA,NA,NA,NA
MTF.C.2025.07.097,97,Montagne des Francais,Locality 2: Road edge ,MTF,2025,7,,Furcifer,pardalis,Furcifer pardalis,,NA,0144,MTF.0144,20,30,20:30,R2,2.0,NA,NA,01_aot_2025,12,02,12:02,01_aot_2025,Sub-Adult,M,159,NA,NA,NA,79,07,16,07:16,cocc.v,Small,100,5,1,0,0,NA,0,,NA,NA,NA,NA,NA,NA
MTF.C.2025.07.098,98,Montagne des Francais,Locality 2: Road edge ,MTF,2025,7,,Furcifer,pardalis,Furcifer pardalis,,NA,0145,MTF.0145,20,35,20:35,R2,1.0,NA,NA,01_aot_2025,12,03,12:03,01_aot_2025,Sub-Adult,M,164,NA,NA,NA,81,07,20,07:20,cocc.v,Large,600,5,1,0,0,NA,1,,NA,NA,NA,NA,NA,NA
MTF.C.2025.07.099,99,Montagne des Francais,Locality 2: Road edge ,MTF,2025,7,,Furcifer,pardalis,Furcifer pardalis,,NA,0146,MTF.0146,20,43,20:43,R2,3.0,NA,NA,01_aot_2025,12,08,12:08,01_aot_2025,Sub-Adult,M,146,NA,NA,NA,59,07,26,07:26,cocc.v,Large,1000,5,1,0,0,NA,1,,NA,NA,NA,NA,NA,NA
MTF.C.2025.07.100,100,Montagne des Francais,Locality 2: Road edge ,MTF,2025,7,,Furcifer,pardalis,Furcifer pardalis,,NA,0147,MTF.0147,20,48,20:48,R2,3.0,NA,NA,01_aot_2025,12,08,12:08,01_aot_2025,Sub-Adult,M,184,NA,NA,NA,88,07,30,07:30,cocc.v,Medium,300,5,1,0,0,NA,0,,NA,NA,NA,NA,NA,NA
,,,,,,,,,,,,,,,,,,,,,,,,,,,,,,,,,,,,,,,,,,,,,,,,,,,,
MAK.C.2025.08.001,1,Makay,Camp 1: Vinany ,MAK,2025,8,,Furcifer,lateralis,Furcifer lateralis,,C,1,MAK.C.0001,18,36,18:36,T1,2.1,"29,0","28,9",14_aot_2025,14,25,14:25,14_aot_2025,Sub-Adult,M,"70,84",NA,"3,58","2,89","5,95",08,36,08:36,cocc.v,Large,125,5,1,1,1,8:28,0,1,NA,,NA,NA,observed on palm,
MAK.C.2025.08.002,2,Makay,Camp 1: Vinany,MAK,2025,8,,Furcifer,lateralis,Furcifer lateralis,,C,2,MAK.C.0002,18,48,18:48,T1,1.9,28.1,27.1,14_aot_2025,14,26,14:26,14_aot_2025,Sub-Adult,M,"76,52",NA,6.50,"3,99","7,52",08,44,08:44,cocc.v,Small,50,5,1,1,1,8:43,0,1,NA,,Watery fecal sample,NA,NA,NA
MAK.C.2025.08.003,3,Makay,Camp 1: Vinany,MAK,2025,8,,Furcifer,lateralis,Furcifer lateralis,,C,3,MAK.C.0003,18,54,18:54,T1,2.1,27.1,27.1,14_aot_2025,14,28,14:28,14_aot_2025,Sub-Adult,M,67.70,NA,"5,22","2,84","6,02",08,55,08:55,cocc.v,Small,60,5,1,1,1,14:12,0,1,NA,,NA,NA,NA,NA
MAK.C.2025.08.004,4,Makay,Camp 1: Vinany,MAK,2025,8,,Furcifer,lateralis,Furcifer lateralis,,C,4,MAK.C.0004,15,43,15:43,T1,0.0,29.1,27.1,15_aot_2025,14,52,14:52,15_aot_2025,Sub-Adult,M,"77,23",NA,"6,27","3,32","9,48",09,30,09:30,cocc.v,Large,225,5,1,1,1,14:00,0,1,NA,,NA,NA,NA,NA
MAK.C.2025.08.005,5,Makay,Camp 1: Vinany,MAK,2025,8,,Furcifer,lateralis,Furcifer lateralis,,C,5,MAK.C.0005,19,10,19:10,T1,1.0,19.1,19.1,15_aot_2025,15,02,15:02,15_aot_2025,Juvenile,M,"64,64",NA,"6,36",3.00,"6,34",09,34,09:34,cocc.v,Large,125,5,1,1,1,14:00,0,1,NA,,NA,NA,NA,NA
MAK.C.2025.08.006,6,Makay,Camp 1: Vinany,MAK,2025,8,,Furcifer,lateralis,Furcifer lateralis,,C,6,MAK.C.0006,19,23,19:23,T1,2.0,18.1,18.1,15_aot_2025,14,58,14:58,15_aot_2025,Juvenile,F,"53,11",NA,4.20,"2,54","3,55",NA,NA,NA,NA,NA,NA,5,0,1,1,14:00,0,1,NA,,"Too small, no blood draw",NA,NA,NA
MAK.C.2025.08.007,7,Makay,Camp 1: Vinany,MAK,2025,8,,Furcifer,lateralis,Furcifer lateralis,,C,7,MAK.C.0007,19,50,19:50,T1,0.5,18.1,17.1,15_aot_2025,14,45,14:45,15_aot_2025,Sub-Adult,M,77.10,NA,"6,49","3,45","8,53",09,41,09:41,cocc.v,Large,125,5,1,0,0,NA,0,1,lime green,,NA,NA,NA,NA
MAK.C.2025.08.008,8,Makay,Camp 1: Vinany,MAK,2025,8,,Furcifer,lateralis,Furcifer lateralis,,C,8,MAK.C.0008,19,57,19:57,T1,1.5,17.1,17.1,15_aot_2025,14,38,14:38,15_aot_2025,Sub-Adult,M,"71,78",NA,"7,01","3,61","9,51",09,44,09:44,cocc.v,Large,125,5,1,0,0,NA,0,1,NA,,NA,NA,NA,NA
MAK.C.2025.08.009,9,Makay,Camp 1: Vinany,MAK,2025,8,,Furcifer,lateralis,Furcifer lateralis,,C,9,MAK.C.0009,19,59,19:59,T1,3.0,19.1,18.1,15_aot_2025,14,36,14:36,15_aot_2025,Sub-Adult,F,"69,92",NA,"4,39","2,78","6,86",09,49,09:49,cocc.v,Small,50,5,1,1,1,14:00,0,1,NA,,NA,NA,NA,NA
MAK.C.2025.08.010,10,Makay,Camp 1: Vinany,MAK,2025,8,,Furcifer,lateralis,Furcifer lateralis,,C,10,MAK.C.0010,20,05,20:05,T1,1.0,17.1,17.1,15_aot_2025,14,41,14:41,15_aot_2025,Sub-Adult,F,"70,15",NA,"4,42","3,06","8,85",09,55,09:55,cocc.v,Small,25,5,1,1,1,14:00,0,1,NA,,NA,NA,NA,NA
MAK.C.2025.08.011,11,Makay,Camp 1: Vinany,MAK,2025,8,,Furcifer,lateralis,Furcifer lateralis,,F,31,MAK.F.0031,19,00,19:00,T1,1.5,NA,NA,15_aot_2025,15,10,15:10,15_aot_2025,Sub-Adult,M,"74,03",NA,"6,12","3,23","8,61",10,01,10:01,cocc.v,Large,125,5,1,1,1,14:00,0,1,NA,,NA,NA,NA,NA
MAK.C.2025.08.012,12,Makay,Camp 1: Vinany,MAK,2025,8,,Furcifer,lateralis,Furcifer lateralis,,C,11,MAK.C.0011,19,30,19:30,T1,2.0,25.0,24.1,16_aot_2025,14,18,14:18,16_aot_2025,Sub-Adult,F,"72,01",NA,"4,02","2,93","6,49",11,16,11:16,cocc.v,Large,125,5,1,1,1,13:30,0,1,NA,,NA,NA,NA,NA
MAK.C.2025.08.013,13,Makay,Camp 1: Vinany,MAK,2025,8,,Furcifer,lateralis,Furcifer lateralis,,C,12,MAK.C.0012,19,43,19:43,T1,2.0,24.1,22.1,16_aot_2025,14,20,14:20,16_aot_2025,Sub-Adult,M,"72,42",NA,"7,11","2,19","7,52",11,20,11:20,cocc.v,Small,100,4,1,1,1,13:32,0,1,NA,,NA,NA,NA,NA
MAK.C.2025.08.014,14,Makay,Camp 1: Vinany,MAK,2025,8,,Furcifer,lateralis,Furcifer lateralis,,C,14,MAK.C.0014,19,54,19:54,T1,0.5,23.1,23.1,16_aot_2025,14,22,14:22,16_aot_2025,Sub-Adult,M,"78,65",NA,"5,52","2,26","9,61",11,29,11:29,cocc.v,Small,50,5,1,1,1,13:33,0,1,NA,,NA,NA,NA,NA
MAK.C.2025.08.015,15,Makay,Camp 1: Vinany,MAK,2025,8,,Furcifer,lateralis,Furcifer lateralis,,C,15,MAK.C.0015,19,56,19:56,T1,0.5,23.1,23.1,16_aot_2025,14,23,14:23,16_aot_2025,Sub-Adult,M,"75,09",NA,"6,27","3,33","7,88",11,34,11:34,cocc.v,Medium,50,5,1,0,0,NA,0,1,NA,,NA,NA,NA,NA
MAK.C.2025.08.016,16,Makay,Camp 1: Vinany,MAK,2025,8,,Furcifer,lateralis,Furcifer lateralis,,C,16,MAK.C.0016,20,00,20:00,T1,0.5,23.1,23.1,16_aot_2025,14,24,14:24,16_aot_2025,Sub-Adult,F,"70,47",NA,"6,09",3.60,"7,89",11,39,11:39,cocc.v,Medium,150,5,1,1,1,13:35,0,1,NA,,NA,NA,NA,NA
MAK.C.2025.08.017,17,Makay,Camp 1: Vinany,MAK,2025,8,,Furcifer,lateralis,Furcifer lateralis,,C,17,MAK.C.0017,20,03,20:03,T1,1.0,23.1,23.1,16_aot_2025,14,25,14:25,16_aot_2025,Sub-Adult,M,"73,39",NA,"6,37","3,81","9,99",11,43,11:43,cocc.v,Small,25,5,1,1,1,13:36,0,1,NA,,NA,NA,NA,NA
MAK.C.2025.08.018,18,Makay,Camp 1: Vinany,MAK,2025,8,,Furcifer,lateralis,Furcifer lateralis,,C,18,MAK.C.0018,20,05,20:05,T1,0.5,22.1,23.1,16_aot_2025,14,26,14:26,16_aot_2025,Sub-Adult,M,"72,46",NA,"7,39","3,34",8.20,11,49,11:49,cocc.v,Small,50,5,1,0,0,NA,0,1,NA,,NA,NA,NA,NA
MAK.C.2025.08.019,19,Makay,Camp 2: Ampasimaiky,MAK,2025,8,,Furcifer,lateralis,Furcifer lateralis,,C,21,MAK.C.0021,18,54,18:54,T2,2.0,23.0,22.1,17_aot_2025,11,52,11:52,17_aot_2025,Sub-Adult,M,"73,99",NA,"6,64","3,07","8,74",10,14,10:14,cocc.v,Large,100,5,1,0,0,NA,0,1,NA,,NA,NA,NA,NA
MAK.C.2025.08.020,20,Makay,Camp 2: Ampasimaiky,MAK,2025,8,,Furcifer,lateralis,Furcifer lateralis,,C,23,MAK.C.0023,18,15,18:15,T3,2.0,23.1,23.1,18_aot_2025,15,18,15:18,18_aot_2025,Juvenile,F,"50,26",NA,"5,28","2,82","3,08",NA,NA,NA,NA,NA,NA,5,0,1,1,11:13,0,1,NA,,NA,NA,NA,NA
MAK.C.2025.08.021,21,Makay,Camp 2: Ampasimaiky,MAK,2025,8,,Furcifer,lateralis,Furcifer lateralis,,C,24,MAK.C.0024,18,23,18:23,T3,2.0,23.1,23.1,18_aot_2025,15,22,15:22,18_aot_2025,Sub-Adult,M,"78,94",NA,"6,95","3,44","8,85",11,30,11:30,cocc.v,Large,75,5,1,0,0,NA,0,1,NA,,NA,NA,NA,NA
MAK.C.2025.08.022,22,Makay,Camp 2: Ampasimaiky,MAK,2025,8,,Furcifer,lateralis,Furcifer lateralis,,C,25,MAK.C.0025,18,33,18:33,T3,1.5,22.1,22.1,18_aot_2025,15,28,15:28,18_aot_2025,Sub-Adult,F,"56,99",NA,"4,63","2,83","4,43",11,36,11:36,cocc.v,Large,75,5,1,1,1,11:13,0,1,NA,,NA,NA,NA,NA
MAK.C.2025.08.023,23,Makay,Camp 2: Ampasimaiky,MAK,2025,8,,Furcifer,lateralis,Furcifer lateralis,,C,26,MAK.C.0026,18,40,18:40,T3,0.5,21.1,21.1,18_aot_2025,15,30,15:30,18_aot_2025,Juvenile,F,"53,86",NA,"4,35","2,65","3,32",NA,NA,NA,NA,NA,NA,5,0,1,1,11:13,0,1,NA,,NA,NA,NA,NA
MAK.C.2025.08.024,24,Makay,Camp 2: Ampasimaiky,MAK,2025,8,,Furcifer,lateralis,Furcifer lateralis,,C,27,MAK.C.0027,18,44,18:44,T3,1.0,21.1,20.1,18_aot_2025,15,26,15:26,18_aot_2025,Juvenile,F,"48,66",NA,"4,32",2.20,"3,34",NA,NA,NA,NA,NA,NA,5,0,1,1,11:13,0,1,NA,,NA,NA,NA,NA
MAK.C.2025.08.025,25,Makay,Camp 2: Ampasimaiky,MAK,2025,8,,Furcifer,lateralis,Furcifer lateralis,,C,29,MAK.C.0029,19,00,19:00,T3,0.5,29.0,23.0,18_aot_2025,15,40,15:40,18_aot_2025,Sub-Adult,M,"62,87",NA,"5,53","2,79",6.00,11,44,11:44,cocc.v,Large,75,5,1,1,1,11:13,0,1,NA,,NA,NA,NA,NA
MAK.C.2025.08.026,26,Makay,Camp 2: Ampasimaiky,MAK,2025,8,,Furcifer,lateralis,Furcifer lateralis,,C,30,MAK.C.0030,19,32,19:32,T3,0.5,22.1,21.1,18_aot_2025,15,07,15:07,18_aot_2025,Sub-Adult,M,"77,65",NA,"6,47","3,75","8,38",11,49,11:49,cocc.v,Medium,50,5,1,1,1,11:13,0,1,NA,,NA,NA,NA,NA
MAK.C.2025.08.027,27,Makay,Camp 2: Ampasimaiky,MAK,2025,8,,Furcifer,lateralis,Furcifer lateralis,,C,31,MAK.C.0031,19,38,19:38,T3,0.3,29.0,27.0,18_aot_2025,15,03,15:03,18_aot_2025,Sub-Adult,F,"64,29",NA,"5,55",3.00,"4,76",11,55,11:55,cocc.v,Small,25,5,1,1,1,11:15,0,1,NA,,NA,NA,NA,NA
MAK.C.2025.08.028,28,Makay,Camp 2: Ampasimaiky,MAK,2025,8,,Furcifer,lateralis,Furcifer lateralis,,C,32,MAK.C.0032,19,43,19:43,T3,0.5,23.0,28.0,18_aot_2025,14,58,14:58,18_aot_2025,Juvenile,F,"54,22",NA,"4,28","2,36","2,99",NA,NA,NA,NA,NA,NA,5,0,1,1,11:18,0,1,NA,,NA,NA,NA,NA
MAK.C.2025.08.029,29,Makay,Camp 2: Ampasimaiky,MAK,2025,8,,Furcifer,lateralis,Furcifer lateralis,,C,35,MAK.C.0035,19,02,19:02,T2,1.8,NA,NA,19_aot_2025,05,51,05:51,18_aot_2025,Juvenile,F,"54,63",NA,"4,68","2,76",4.40,NA,NA,NA,NA,NA,NA,5,0,0,0,NA,0,0,NA,,NA,NA,NA,NA
MAK.C.2025.08.030,30,Makay,Camp 3: Andasiberivotry,MAK,2025,8,,Furcifer,lateralis,Furcifer lateralis,,C,40,MAK.C.0040,19,30,19:30,T4,1.5,NA,NA,20_aot_2025,12,02,12:02,20_aot_2025,Sub-Adult,F,"64,55",NA,"5,53","3,14","4,59",10,00,10:00,cocc.v,Small,25,5,1,1,1,9:48,0,1,NA,,NA,NA,NA,NA
MAK.C.2025.08.031,31,Makay,Camp 3: Andasiberivotry,MAK,2025,8,,Furcifer,lateralis,Furcifer lateralis,,C,44,MAK.C.0044,19,06,19:06,T5,0.5,18.1,18.1,21_aot_2025,15,54,15:54,21_aot_2025,Sub-Adult,F,"68,73",NA,"6,51","3,63","7,63",09,34,09:34,cocc.v,Large,125,5,1,0,0,NA,0,1,NA,,NA,NA,NA,NA
MAK.C.2025.08.032,32,Makay,Camp 3: Andasiberivotry,MAK,2025,8,,Furcifer,lateralis,Furcifer lateralis,,C,45,MAK.C.0045,19,10,19:10,T5,1.0,18.1,18.1,21_aot_2025,15,52,15:52,21_aot_2025,Sub-Adult,M,74.60,NA,"7,39","3,76","10,21",09,38,09:38,cocc.v,Small,50,5,1,1,1,11:20,0,1,NA,,NA,NA,NA,NA
MAK.C.2025.08.033,33,Makay,Camp 3: Andasiberivotry,MAK,2025,8,,Furcifer,lateralis,Furcifer lateralis,,C,46,MAK.C.0046,19,33,19:33,T5,1.0,19.1,18.1,21_aot_2025,15,42,15:42,21_aot_2025,Sub-Adult,M,"80,26",NA,"6,47","3,32","10,37",09,46,09:46,cocc.v,Large,125,5,1,1,1,9:20,0,1,NA,,NA,NA,NA,NA
MAK.C.2025.08.034,34,Makay,Camp 3: Andasiberivotry,MAK,2025,8,,Furcifer,lateralis,Furcifer lateralis,,C,47,MAK.C.0047,20,20,20:20,T6,0.3,18.1,18.1,21_aot_2025,17,22,17:22,21_aot_2025,Juvenile,F,"49,59",NA,"5,55","2,46","4,39",NA,NA,NA,NA,NA,NA,5,0,1,1,9:24,0,1,NA,,NA,NA,NA,NA
MAK.C.2025.08.035,35,Makay,Camp 3: Andasiberivotry,MAK,2025,8,,Furcifer,lateralis,Furcifer lateralis,,F,95,MAK.F.0095,19,50,19:50,T6,0.9,NA,NA,21_aot_2025,17,04,17:04,21_aot_2025,Sub-Adult,M,"76,43",NA,"7,08","3,97",9.80,09,57,09:57,cocc.v,Large,200,5,1,1,1,11:20,0,1,NA,,NA,NA,NA,NA
MAK.C.2025.08.036,36,Makay,Camp 3: Andasiberivotry,MAK,2025,8,,Furcifer,lateralis,Furcifer lateralis,,C,49,MAK.C.0049,18,16,18:16,T6,1.0,20.1,19.1,22_aot_2025,08,58,08:58,22_aot_2025,Sub-Adult,M,"68,16",NA,6.00,"3,26","5,89",05,56,05:56,cocc.v,Medium,25,5,1,0,0,NA,0,1,NA,,NA,NA,NA,NA
MAK.C.2025.08.037,37,Makay,Camp 3: Andasiberivotry,MAK,2025,8,,Furcifer,lateralis,Furcifer lateralis,,C,50,MAK.C.0050,18,23,18:23,T6,0.8,19.1,19.1,22_aot_2025,08,56,08:56,22_aot_2025,Sub-Adult,F,61.60,NA,"4,88","2,94","4,39",05,59,05:59,cocc.v,Medium,,5,1,0,0,NA,0,1,NA,,NA,NA,NA,NA
MAK.C.2025.08.038,38,Makay,Camp 3: Andasiberivotry,MAK,2025,8,,Furcifer,lateralis,Furcifer lateralis,,C,51,MAK.C.0051,18,42,18:42,T6,1.8,19.1,19.1,22_aot_2025,08,50,08:50,22_aot_2025,Sub-Adult,F,"64,13",NA,"5,07","2,75","4,55",06,05,06:05,cocc.v,Medium,,5,1,1,1,8:00,0,1,NA,,NA,NA,NA,NA
MAK.C.2025.08.039,39,Makay,Camp 3: Andasiberivotry,MAK,2025,8,,Furcifer,lateralis,Furcifer lateralis,,C,52,MAK.C.0052,18,45,18:45,T6,2.0,19.1,19.1,22_aot_2025,08,50,08:50,22_aot_2025,Juvenile,M,"52,73",NA,"4,29","2,86","3,83",06,11,06:11,cocc.v,Small,,5,1,1,1,8:00,0,1,NA,,NA,NA,NA,NA
MAK.C.2025.08.040,40,Makay,Camp 3: Andasiberivotry,MAK,2025,8,,Furcifer,lateralis,Furcifer lateralis,,C,53,MAK.C.0053,18,48,18:48,T6,1.0,19.1,19.1,22_aot_2025,08,50,08:50,22_aot_2025,Sub-Adult,M,"77,43",NA,"6,24",3.50,"8,78",06,13,06:13,cocc.v,Medium,25,5,1,0,0,NA,0,1,NA,,NA,NA,NA,NA
MAK.C.2025.08.041,41,Makay,Camp 3: Andasiberivotry,MAK,2025,8,,Furcifer,lateralis,Furcifer lateralis,,C,54,MAK.C.0054,18,54,18:54,T6,0.5,18.1,18.1,22_aot_2025,08,46,08:46,22_aot_2025,Juvenile,F,"61,58",NA,"4,86","3,15","4,92",06,20,06:20,cocc.v,Small,,5,1,0,0,NA,0,1,NA,,NA,NA,NA,NA
MAK.C.2025.08.042,42,Makay,Camp 3: Andasiberivotry,MAK,2025,8,,Furcifer,lateralis,Furcifer lateralis,,C,55,MAK.C.0055,18,58,18:58,T6,0.5,18.1,18.1,22_aot_2025,08,44,08:44,22_aot_2025,Juvenile,F,"46,88",NA,"3,88","2,02","2,73",NA,NA,NA,NA,NA,NA,5,0,1,1,8:00,0,1,NA,,NA,NA,NA,NA
MAK.C.2025.08.043,43,Makay,Camp 3: Andasiberivotry,MAK,2025,8,,Furcifer,lateralis,Furcifer lateralis,,C,56,MAK.C.0056,19,15,19:15,T6,1.0,18.1,18.1,22_aot_2025,08,38,08:38,22_aot_2025,Adult,M,"77,23",NA,"7,24",4.10,"10,75",06,25,06:25,cocc.v,Large,100,5,1,0,0,NA,0,1,NA,,NA,NA,NA,NA
MAK.C.2025.08.044,44,Makay,Camp 3: Andasiberivotry,MAK,2025,8,,Furcifer,lateralis,Furcifer lateralis,,C,57,MAK.C.0057,19,30,19:30,T6,0.5,20.0,18.1,22_aot_2025,08,32,08:32,22_aot_2025,Adult,M,"80,49",NA,05.01,"3,76","10,1",06,29,06:29,cocc.v,Large,200,5,1,0,0,NA,0,1,NA,,NA,NA,NA,NA
MAK.C.2025.08.045,45,Makay,Camp 3: Andasiberivotry,MAK,2025,8,,Furcifer,lateralis,Furcifer lateralis,,C,58,MAK.C.0058,19,32,19:32,T6,2.0,20.0,19.1,22_aot_2025,08,31,08:31,22_aot_2025,Sub-Adult,F,"72,61",NA,05.01,3.90,"8,14",06,35,06:35,cocc.v,Small,,5,1,0,0,NA,0,1,NA,,NA,NA,NA,NA
MAK.C.2025.08.046,46,Makay,Camp 3: Andasiberivotry,MAK,2025,8,,Furcifer,lateralis,Furcifer lateralis,,C,59,MAK.C.0059,19,38,19:38,T6,3.0,20.0,18.1,22_aot_2025,08,28,08:28,22_aot_2025,Sub-Adult,M,"67,43",NA,6.40,"3,22","6,83",06,41,06:41,cocc.v,Small,,5,1,0,0,NA,0,1,NA,,NA,NA,NA,NA
MAK.C.2025.08.047,47,Makay,Camp 3: Andasiberivotry,MAK,2025,8,,Furcifer,lateralis,Furcifer lateralis,,C,60,MAK.C.0060,19,42,19:42,T6,3.0,18.1,18.1,22_aot_2025,08,26,08:26,22_aot_2025,Adult,M,"93,05",NA,8.00,"5,27","16,65",06,45,06:45,cocc.v,Large,100,5,1,0,0,NA,0,1,NA,,NA,NA,NA,NA
MAK.C.2025.08.048,48,Makay,Camp 3: Andasiberivotry,MAK,2025,8,,Furcifer,lateralis,Furcifer lateralis,,C,61,MAK.C.0061,19,50,19:50,T6,0.5,18.1,19.0,22_aot_2025,08,23,08:23,22_aot_2025,Sub-Adult,M,"73,55",NA,04.01,"3,61",8.30,06,49,06:49,cocc.v,Large,125,5,1,0,0,NA,0,1,NA,,NA,NA,NA,NA
,,,,,,,,,,,,,,,,,,,,,,,,,,,,,,,,,,,,,,,,,,,,,,,,,,,,
TDB.C.2025.09.001,1,Tsingy de Bemaraha,Camp 1: Oliha,TDB,2025,9,,Furcifer,oustaleti,Furcifer oustaleti,,C,2,TDB.C.0002,18,30,18:30,T1,1.0,25.7,24.7,25_aot_2025,15,04,15:04,25_aot_2025,Adult,F,144.90,NA,8.25,7.56,45.74,10,57,10:57,cocc.v,Large,50,5,1,0,0,NA,0,1,"gray (slight pale green), discount white lateral band",,NA,NA,NA,NA
TDB.C.2025.09.002,2,Tsingy de Bemaraha,Camp 1: Oliha,TDB,2025,9,,Furcifer,oustaleti,Furcifer oustaleti,,C,3,TDB.C.0003,19,09,19:09,T1,1.0,24.1,25.4,25_aot_2025,15,26,15:26,25_aot_2025,Juvenile,F,56.84,NA,4.50,2.53,3.58,NA,NA,NA,NA,NA,NA,5,0,1,1,10:25,0,1,"gray (slight pale green), discount white lateral band, dark vertical bands",,Second fecal at 14:14 (in one tube),NA,NA,NA
TDB.C.2025.09.003,3,Tsingy de Bemaraha,Camp 1: Oliha,TDB,2025,9,,Furcifer,oustaleti,Furcifer oustaleti,,C,4,TDB.C.0004,19,23,19:23,T1,3.0,NA,NA,25_aot_2025,15,33,15:33,25_aot_2025,Juvenile,F,81.72,NA,5.23,4.14,9.98,11,15,11:15,cocc.v,Large,100,5,1,0,0,NA,0,1,color similar to C.002,,NA,NA,NA,NA
TDB.C.2025.09.004,4,Tsingy de Bemaraha,Camp 1: Oliha,TDB,2025,9,,Furcifer,oustaleti,Furcifer oustaleti,,C,5,TDB.C.0005,19,25,19:25,T1,1.0,24.8,24.1,25_aot_2025,15,34,15:34,25_aot_2025,Juvenile,F,60.54,NA,3.62,2.83,4.45,NA,NA,NA,NA,NA,NA,5,0,0,0,NA,0,1,"color similar to C.002discount white lateral band, no vertical stripes",,NA,NA,NA,NA
TDB.C.2025.09.005,5,Tsingy de Bemaraha,Camp 1: Oliha,TDB,2025,9,,Furcifer,oustaleti,Furcifer oustaleti,,C,6,TDB.C.0006,19,40,19:40,T1,1.0,24.1,24.1,25_aot_2025,15,38,15:38,25_aot_2025,Juvenile,F,87.43,NA,5.85,4.25,9.58,11,20,11:20,cocc.v,Large,125,5,1,1,1,10:25,0,1,"color similar to C.002, white lateral band faint",,NA,NA,NA,NA
TDB.C.2025.09.006,6,Tsingy de Bemaraha,Camp 1: Oliha,TDB,2025,9,,Furcifer,oustaleti,Furcifer oustaleti,,C,7,TDB.C.0007,19,51,19:51,T1,3.0,23.4,23.2,25_aot_2025,15,20,15:20,25_aot_2025,Adult,F,149.35,NA,9.21,7.96,50.05,11,23,11:23,cocc.v,Small,drops,5,1,0,0,NA,0,1,white lateral band is bold,,NA,NA,NA,NA
TDB.C.2025.09.007,7,Tsingy de Bemaraha,Camp 1: Oliha,TDB,2025,9,,Furcifer,oustaleti,Furcifer oustaleti,,C,8,TDB.C.0008,20,4,20:4,T1,2.0,22.6,22.3,25_aot_2025,15,08,15:08,25_aot_2025,Juvenile,M,65.92,NA,5.00,4.13,5.38,NA,NA,NA,NA,NA,NA,5,0,1,1,10:44,0,1,distinct large white lateral spots,,Second fecal at 14:14 (in one tube),NA,NA,NA
TDB.C.2025.09.008,8,Tsingy de Bemaraha,Camp 1: Oliha,TDB,2025,9,,Furcifer,oustaleti,Furcifer oustaleti,,F,10,TDB.F.0010,19,24,19:24,T1,0.5,NA,NA,25_aot_2025,15,01,15:01,25_aot_2025,Sub-adult,F,100.82,NA,5.41,5.13,17.14,11,28,11:28,cocc.v,Small,drops,5,1,1,1,10:44,0,1,NA,,NA,NA,NA,NA
TDB.C.2025.09.009,9,Tsingy de Bemaraha,Camp 1: Oliha,TDB,2025,9,,Furcifer,oustaleti,Furcifer oustaleti,,C,11,TDB.C.0011,18,38,18:38,T2,0.5,27.0,25.8,26_aot_2025,07,00,07:00,26_aot_2025,Sub-adult,F,129.33,NA,7.19,6.32,28.50,21,58,21:58,cocc.v,Large,200,5,1,0,0,NA,0,0,NA,,NA,NA,NA,NA
TDB.C.2025.09.010,10,Tsingy de Bemaraha,Camp 1: Oliha,TDB,2025,9,,Furcifer,oustaleti,Furcifer oustaleti,,C,12,TDB.C.0012,18,42,18:42,T2,1.0,25.8,24.4,26_aot_2025,06,43,06:43,26_aot_2025,Juvenile,F,71.26,NA,4.64,3.21,5.63,NA,NA,NA,NA,NA,NA,5,0,0,0,NA,0,0,NA,,"Too small, no blood",NA,NA,NA
TDB.C.2025.09.011,11,Tsingy de Bemaraha,Camp 1: Oliha,TDB,2025,9,,Furcifer,oustaleti,Furcifer oustaleti,,C,20,TDB.C.0020,18,52,18:52,T2,1.8,26.5,25.5,26_aot_2025,06,37,06:37,26_aot_2025,Sub-adult,F,133.45,NA,8.35,6.34,36.42,22,02,22:02,cocc.v,Large,200,5,1,0,0,NA,0,0,NA,,NA,NA,NA,NA
TDB.C.2025.09.012,12,Tsingy de Bemaraha,Camp 1: Oliha,TDB,2025,9,,Furcifer,oustaleti,Furcifer oustaleti,,C,13,TDB.C.0013,19,02,19:02,T2,2.0,26.3,24.5,26_aot_2025,06,31,06:31,26_aot_2025,Sub-adult,F,96.84,NA,6.54,5.29,15.38,22,07,22:07,cocc.v,Medium,50,5,1,0,0,NA,0,0,NA,,NA,NA,NA,NA
TDB.C.2025.09.013,13,Tsingy de Bemaraha,Camp 1: Oliha,TDB,2025,9,,Furcifer,oustaleti,Furcifer oustaleti,,C,14,TDB.C.0014,19,06,19:06,T2,0.3,25.8,26.4,26_aot_2025,06,34,06:34,26_aot_2025,Juvenile,F,83.19,NA,5.83,4.65,10.65,22,11,22:11,cocc.v,Medium,drops,5,1,0,0,NA,0,0,NA,,NA,NA,NA,NA
TDB.C.2025.09.014,14,Tsingy de Bemaraha,Camp 1: Oliha,TDB,2025,9,,Furcifer,oustaleti,Furcifer oustaleti,,C,15,TDB.C.0015,19,46,19:46,T2,0.5,25.3,24.7,26_aot_2025,06,05,06:05,26_aot_2025,Sub-adult,F,109.97,NA,6.49,6.11,22.74,22,16,22:16,cocc.v,Large,200,5,1,0,0,NA,0,0,NA,,NA,NA,NA,NA
,,,,,,,,,,,,,,,,,,,,,,,,,,,,,,,,,,,,,,,,,,,,,,,,,,,,
ADG.C.2025.09.001,1,Andringitra,Camp 2: Iantaranomby,ADG,2025,9,,Calumma,crypticum,Calumma crypticum,,C,1,ADG.C.0001,18,53,18:53,T2,0.5,11.5,10.5,15_sept._2025,16,00,16:00,15_sept._2025,Adult,M,104.09,7.81,7.27,16.88,29.31,10,10,10:10,cocc.v,Medium,50,5,1,0,0,NA,0,1,"light grey with blue spots, ""expressive"". wide blue vertical bands on tail and body",,connected occipital lobes with notch,4.97,vomasondrenolo,
ADG.C.2025.09.002,2,Andringitra,Camp 2: Iantaranomby,ADG,2025,9,,Calumma,crypticum,Calumma crypticum,,C,2,ADG.C.0002,19,06,19:06,T2,2.0,13.1,12.6,15_sept._2025,16,10,16:10,15_sept._2025,Adult,M,106.11,7.58,6.84,16.48,31.50,10,21,10:21,cocc.v,Large,50,5,1,0,0,NA,0,1,"light grey with blue spots, ""expressive"". wide blue vertical bands on tail and body",,connected occipital lobes with notch,3.95,sohihy,
ADG.C.2025.09.003,3,Andringitra,Camp 2: Iantaranomby,ADG,2025,9,,Calumma,crypticum,Calumma crypticum,,C,3,ADG.C.0003,19,19,19:19,T2,3.0,14.6,16.2,15_sept._2025,16,19,16:19,15_sept._2025,Adult,M,99.74,6.99,6.54,15.20,20.66,10,31,10:31,cocc.v,Large,100,5,1,0,0,NA,0,1,"light grey with blue spots, ""expressive"". wide blue vertical bands on tail and body",,connected occipital lobes with notch,5.09,hazomainty,
ADG.C.2025.09.004,4,Andringitra,Camp 2: Iantaranomby,ADG,2025,9,,Calumma,crypticum,Calumma crypticum,,C,4,ADG.C.0004,19,36,19:36,T2,2.6,NA,NA,15_sept._2025,16,24,16:24,15_sept._2025,Adult,M,96.53,7.64,5.57,14.45,19.71,10,38,10:38,cocc.v,Large,100,5,1,0,0,NA,0,1,"light grey with blue spots, ""expressive"". wide blue vertical bands on tail and body",,connected occipital lobes with notch,3.15,hazomainty,
ADG.C.2025.09.005,5,Andringitra,Camp 2: Iantaranomby,ADG,2025,9,,Calumma,crypticum,Calumma crypticum,,C,5,ADG.C.0005,19,19,19:19,T2,3.0,16.8,16.4,16_sept._2025,05,52,05:52,15_sept._2025,Adult,F,96.64,7.67,5.46,13.43,28.84,20,58,20:58,cocc.v,Medium,25,5,1,0,0,NA,0,0,"light grey with yellow spots, pale lateral line, orange coloration on the head",,connected occipital lobes with notch,NA,sohihy,
ADG.C.2025.09.006,6,Andringitra,Camp 2: Iantaranomby,ADG,2025,9,,Calumma,crypticum,Calumma crypticum,,C,6,ADG.C.0006,19,22,19:22,T2,4.0,17.3,16.6,16_sept._2025,05,52,05:52,15_sept._2025,Adult,M,99.95,8.92,7.49,15.12,37.09,21,16,21:16,cocc.v,Large,50,5,1,0,0,NA,0,0,"light grey with blue spots, ""expressive"". wide blue vertical bands on tail and body",,connected occipital lobes with notch,5.32,sohihy,
ADG.C.2025.09.007,7,Andringitra,Camp 2: Iantaranomby,ADG,2025,9,,Calumma,crypticum,Calumma crypticum,,C,7,ADG.C.0007,20,03,20:03,T2,0.5,15.0,14.7,16_sept._2025,05,41,05:41,15_sept._2025,Adult,M,97.48,09.01,7.96,14.27,25.40,21,06,21:06,cocc.v,Medium,25,5,1,0,0,NA,0,0,"light grey with blue spots, ""expressive"". wide blue vertical bands on tail and body",,connected occipital lobes with notch,5.57,sohihy,
ADG.C.2025.09.008,8,Andringitra,Camp 2: Iantaranomby,ADG,2025,9,,Calumma,crypticum,Calumma crypticum,,C,8,ADG.C.0008,20,04,20:04,T2,1.0,14.7,13.3,16_sept._2025,05,41,05:41,15_sept._2025,Adult,F,85.65,6.49,6.31,14.56,19.27,21,22,21:22,cocc.v,Medium,25,5,1,0,0,NA,0,0,"light grey with yellow spots, pale lateral line, orange coloration on the head",,connected occipital lobes with notch,NA,sohihy,
,,,,,,,,,,,,,,,,,,,,,,,,,,,,,,,,,,,,,,,,,,,,,,,,,,,,
ISL.C.2025.09.001,1,Isalo,Camp 1: Sakamalio,ISL,2025,9,,Furcifer,lateralis,Furcifer lateralis,,C,1,ISL.C.0001,19,20,19:20,T1,1.0,25.6,25.9,19_sept._2025,17,15,17:15,19_sept._2025,Subadult,M,68.88,5.57,05.04,11.96,8.25,11,35,11:35,cocc.v,Small,drops,5,1,1,1,11:11,0,1,Palegreen with dark green spots,,white lateral line,NA,Tapia tree,
ISL.C.2025.09.002,2,Isalo,Camp 1: Sakamalio,ISL,2025,9,,Furcifer,lateralis,Furcifer lateralis,,C,2,ISL.C.0002,19,22,19:22,T1,2.2,26.0,25.8,20_sept._2025,14,38,14:38,20_sept._2025,Subadult,F,74.32,5.72,4.78,11.71,8.82,13,30,13:30,cocc.v,Small,drops,5,1,1,1,11:28,0,1,Grey with pink/orange tone,"striking white ventral line, faint lateral line","shedding, no pits",NA,Matalazo tree,
ISL.C.2025.09.003,3,Isalo,Camp 1: Sakamalio,ISL,2025,9,,Furcifer,lateralis,Furcifer lateralis,,C,3,ISL.C.0003,19,31,19:31,T1,2.5,27.5,27.1,20_sept._2025,14,35,14:35,20_sept._2025,Subadult,F,74.24,4.62,4.56,11.98,9.51,13,34,13:34,cocc.v,Small,drops,5,1,1,1,11:28,0,1,Grey  ,white mid-ventral line visible,small casque,NA,Mangarahara tree,
ISL.C.2025.09.004,4,Isalo,Camp 1: Sakamalio,ISL,2025,9,,Furcifer,lateralis,Furcifer lateralis,,C,4,ISL.C.0004,15,46,15:46,T1,2.0,NA,NA,21_sept._2025,15,40,15:40,21_sept._2025,Subadult,M,70.17,6.20,5.34,10.84,08.03,13,13,13:13,cocc.v,Large,125,5,1,1,1,11:45,0,1,Grey/Pale green,"ventral line distinct, lateral line present but faint","no pits, white lips",NA,Matalazo tree,
ISL.C.2025.09.005,5,Isalo,Camp 1: Sakamalio,ISL,2025,9,,Furcifer,lateralis,Furcifer lateralis,,C,5,ISL.C.0005,18,40,18:40,T2,3.0,NA,NA,21_sept._2025,16,30,16:30,21_sept._2025,Subadult,M,61.12,4.35,4.39,10.31,5.45,13,17,13:17,cocc.v,Large,125,5,1,1,1,11:47,0,1,Pale green/Sea green,"dark lateral spots, horizontal/Transverse dark bands when stressed",,NA,Kodroandrano tree,
ISL.C.2025.09.006,6,Isalo,Camp 1: Sakamalio,ISL,2025,9,,Furcifer,lateralis,Furcifer lateralis,,C,6,ISL.C.0006,19,04,19:04,T2,1.5,24.1,23.7,21_sept._2025,16,23,16:23,21_sept._2025,Subadult,M,63.61,5.32,5.85,10.88,6.88,13,21,13:21,cocc.v,Large,125,5,1,1,1,11:50,0,1,lime green with yellow tone,"dark lateral spots, trans dark bands",lateral line distinct,NA,Fern,
ISL.C.2025.09.007,7,Isalo,Camp 1: Sakamalio,ISL,2025,9,,Furcifer,lateralis,Furcifer lateralis,,C,7,ISL.C.0007,19,07,19:07,T2,1.5,24.0,24.1,21_sept._2025,16,23,16:23,21_sept._2025,Subadult,M,67.84,5.88,4.45,10.19,7.20,13,26,13:26,cocc.v,Small,drops,5,1,1,1,11:54,0,1,Sea green,"lateral line faint, dark lateral spots",,NA,Fern,
ISL.C.2025.09.008,8,Isalo,Camp 1: Sakamalio,ISL,2025,9,,Furcifer,lateralis,Furcifer lateralis,,C,8,ISL.C.0008,19,17,19:17,T2,1.5,23.4,23.1,21_sept._2025,16,22,16:22,21_sept._2025,Subadult,M,55.78,3.94,4.21,10.82,4.38,13,30,13:30,cocc.v,Small,drops,5,1,1,1,11:56,0,1,lime green,"lateral line distinct, dark lateral spots",,NA,Fern,
ISL.C.2025.09.009,9,Isalo,Camp 1: Sakamalio,ISL,2025,9,,Furcifer,lateralis,Furcifer lateralis,,C,9,ISL.C.0009,19,20,19:20,T2,3.0,NA,NA,21_sept._2025,16,23,16:23,21_sept._2025,Subadult,F,66.47,5.26,05.08,12.71,7.12,13,36,13:36,cocc.v,Small,drops,5,1,0,0,NA,0,1,grey/dark green ,lateral line faint ,,NA,Fern,
ISL.C.2025.09.010,10,Isalo,Camp 1: Sakamalio,ISL,2025,9,,Furcifer,lateralis,Furcifer lateralis,,C,10,ISL.C.0010,19,26,19:26,T2,3.0,NA,NA,21_sept._2025,16,21,16:21,21_sept._2025,Subadult,F,60.14,5.17,5.31,10.68,5.00,13,42,13:42,cocc.v,Small,drops,5,1,0,0,NA,0,1,lime green,"lateral line faint, dark lateral spots and trans band",no white lips ,NA,Fern,
ISL.C.2025.09.011,11,Isalo,Camp 1: Sakamalio,ISL,2025,9,,Furcifer,lateralis,Furcifer lateralis,,C,11,ISL.C.0011,19,32,19:32,T2,3.0,NA,NA,21_sept._2025,16,15,16:15,21_sept._2025,Subadult,M,74.03,6.14,5.54,12.66,8.30,13,46,13:46,cocc.v,Small,drops,5,1,1,1,12:06,0,1,yellow green,white lateral line distinct,,NA,Fern,
ISL.C.2025.09.012,12,Isalo,Camp 1: Sakamalio,ISL,2025,9,,Furcifer,lateralis,Furcifer lateralis,,C,12,ISL.C.0012,19,39,19:39,T2,3.0,NA,NA,21_sept._2025,16,14,16:14,21_sept._2025,Subadult,F,58.18,5.15,4.55,9.87,5.55,13,51,13:51,cocc.v,Small,drops,5,1,1,1,12:07,0,1,lime green,white lateral line distinct,,NA,Fern,
ISL.C.2025.09.013,13,Isalo,Camp 1: Sakamalio,ISL,2025,9,,Furcifer,lateralis,Furcifer lateralis,,C,13,ISL.C.0013,19,41,19:41,T2,3.0,NA,NA,21_sept._2025,16,13,16:13,21_sept._2025,Subadult,F,57.16,6.00,4.88,9.70,5.48,13,56,13:56,cocc.v,Small,25,5,1,0,0,NA,0,1,lime green/yellow,"dark lat spots, trans bands",white lips ,NA,Rotra tree,
ISL.C.2025.09.014,14,Isalo,Camp 1: Sakamalio,ISL,2025,9,,Furcifer,lateralis,Furcifer lateralis,,C,14,ISL.C.0014,19,45,19:45,T2,2.0,23.0,22.3,21_sept._2025,16,09,16:09,21_sept._2025,Subadult,M,67.04,5.69,5.56,9.68,6.96,14,01,14:01,cocc.v,Large,125,5,1,1,1,11:58,0,1,orange,"lat line faint, dark lat spots",,NA,Fern,
ISL.C.2025.09.015,15,Isalo,Camp 1: Sakamalio,ISL,2025,9,,Furcifer,lateralis,Furcifer lateralis,,C,15,ISL.C.0015,19,51,19:51,T2,2.0,22.9,21.5,21_sept._2025,16,06,16:06,21_sept._2025,Subadult,M,64.86,5.94,5.96,10.53,8.31,14,07,14:07,cocc.v,Small,drops,5,1,1,1,14:03,0,1,grey/brown with orange faint,"lat line distinct, dark lat spots",,NA,Fern,
ISL.C.2025.09.016,16,Isalo,Camp 1: Sakamalio,ISL,2025,9,,Furcifer,lateralis,Furcifer lateralis,,C,16,ISL.C.0016,19,53,19:53,T2,2.0,22.4,22.4,21_sept._2025,16,05,16:05,21_sept._2025,Adult,M,82.18,9.15,7.60,14.12,13.24,14,12,14:12,cocc.v,Large,125,4,1,1,1,12:00,0,1,green,"lat line distinct, white collar, lips",,NA,Fern,
ISL.C.2025.09.017,17,Isalo,Camp 1: Sakamalio,ISL,2025,9,,Furcifer,lateralis,Furcifer lateralis,,C,17,ISL.C.0017,20,00,20:00,T2,1.0,22.2,22.2,21_sept._2025,16,00,16:00,21_sept._2025,Juvenile,M,52.29,5.51,5.56,10.07,4.77,14,16,14:16,cocc.v,Small,drops,5,1,1,1,12:07,0,1,Pale orange,"lat line faint, lat spots faint, lat horizontal/trans bands distinct",,NA,Fern,
ISL.C.2025.09.018,18,Isalo,Camp 1: Sakamalio,ISL,2025,9,,Furcifer,lateralis,Furcifer lateralis,,C,18,ISL.C.0018,19,22,19:22,T3,2.1,20.0,20.1,22_sept._2025,16,46,16:46,22_sept._2025,Subadult,m,67.30,4.34,4.38,12.96,6.72,11,11,11:11,cocc.v,Small,drops,5,1,1,1,10:53,0,1,palegreen,"dark lateral spots, lat line distinct",no pits,NA,Tapia tree,
ISL.C.2025.09.019,19,Isalo,Camp 1: Sakamalio,ISL,2025,9,,Furcifer,lateralis,Furcifer lateralis,,C,19,ISL.C.0019,19,30,19:30,T3,1.8,18.5,18.1,22_sept._2025,16,48,16:48,22_sept._2025,Subadult,M,70.08,3.97,4.88,11.05,6.52,11,16,11:16,cocc.v,Large,125,5,1,0,0,NA,0,1,darkgrey/green,"dark lateral spots, lat line distinct",,NA,Tapia tree,
ISL.C.2025.09.020,20,Isalo,Camp 1: Sakamalio,ISL,2025,9,,Furcifer,lateralis,Furcifer lateralis,,F,80,ISL.F.0080,19,23,19:23,OPP,0.4,NA,NA,22_sept._2025,14,00,14:00,22_sept._2025,Subadult,F,73.95,6.27,5.88,10.04,8.54,11,22,11:22,cocc.v,Small,drops,5,1,1,1,08:40,0,1,yellow green with orange line,"lat line present, distinct trans",dark lat spots bands,NA,Hazombalala,
ISL.C.2025.09.021,21,Isalo,Camp 1: Sakamalio,ISL,2025,9,,Furcifer,lateralis,Furcifer lateralis,,C,21,ISL.C.0021,19,02,19:02,T4,1.4,23.0,23.4,23_sept._2025,05,42,05:42,22_sept._2025,Subadult,M,78.31,5.37,5.31,13.51,10.93,20,53,20:53,cocc.v,Large,125,5,1,0,0,NA,0,0,palegreen,lat line present ,,NA,Matalazo tree,
ISL.C.2025.09.022,22,Isalo,Camp 1: Sakamalio,ISL,2025,9,,Furcifer,lateralis,Furcifer lateralis,,C,22,ISL.C.0022,19,45,19:45,T5,0.3,22.6,22.5,22_sept._2025,21,10,21:10,22_sept._2025,Juvenile,F,57.62,4.83,4.25,10.01,05.03,20,57,20:57,cocc.v,Medium,50,5,1,1,1,21:10,0,0,Orange,"lat line faint, dark lat spots",,NA,Pepolahy,
ISL.C.2025.09.023,23,Isalo,Camp 1: Sakamalio,ISL,2025,9,,Furcifer,lateralis,Furcifer lateralis,,C,23,ISL.C.0023,19,46,19:46,T5,0.2,22.3,22.1,22_sept._2025,21,10,21:10,22_sept._2025,Subadult,F,61.30,4.52,4.79,10.81,6.61,21,01,21:01,cocc.v,Large,125,5,1,0,0,NA,0,0,yellow green,lat line present transv bands,white lips,NA,Lisaky,
ISL.C.2025.09.024,24,Isalo,Camp 1: Sakamalio,ISL,2025,9,,Furcifer,lateralis,Furcifer lateralis,,C,24,ISL.C.0024,20,09,20:09,T5,0.5,20.3,19.8,22_sept._2025,21,12,21:12,22_sept._2025,Subadult,M,67.25,4.38,5.45,10.93,7.58,21,04,21:04,cocc.v,Large,125,5,1,0,0,NA,0,0,grey/green,"lat line present, lat spots, transv bands",,NA,Pisopiso,